gene,S01,S02,S03,S04,S05,S06,S07,S08,S09,S10,S11,S12,S13,S14,S15,S16,S17,S18,S19,S20,S21,S22,S23,S24,S25,S26,S27,S28,S29,S30,S31,S32,S33,S34,S35,S36,S37,S38,S39,S40
MODA_01,9.5412,7.7674,2.6868,6.2110,6.9282,8.6290,11.4400,6.1802,3.5135,4.5993,10.6534,7.1092,6.8967,9.9664,6.2586,8.6996,4.9176,3.1424,2.8766,6.3936,3.0028,10.9045,3.4833,3.8270,5.5682,9.2733,3.4017,3.6766,7.0573,8.2435,8.5480,4.1822,7.5575,5.8267,-0.1845,5.6940,5.4336,5.6931,5.6236,7.7656
MODA_02,8.4636,7.2694,3.2676,5.8665,4.8436,5.9632,8.5024,4.4308,3.6117,5.4093,8.1471,5.2785,6.5271,7.5461,5.7079,7.5003,5.2152,3.7999,3.3985,6.0174,3.3595,8.9164,3.9856,4.1598,4.6314,7.5991,3.0685,5.2582,5.7393,6.0528,6.8660,4.1803,5.6843,3.9276,0.5714,5.3470,4.3260,5.9487,5.0396,6.4165
MODA_03,7.9650,7.9802,4.5116,6.1692,7.1270,8.7126,9.2244,6.0831,4.5228,6.6323,9.4184,6.2433,7.9496,8.7418,6.9815,8.4241,5.9465,4.3131,3.2593,6.4399,4.2245,8.9313,5.2041,3.0149,5.6330,7.6371,4.9818,4.9527,6.6186,8.3861,8.4543,4.7114,6.1293,7.0103,3.1694,6.7229,7.1326,5.6241,6.2975,7.3845
MODA_04,8.9025,6.5962,3.0817,5.6418,6.7050,8.5624,10.5057,4.0731,3.3572,3.6113,9.5452,4.6131,6.8697,10.1659,5.2521,8.4938,5.0775,2.7612,1.9547,6.8865,3.9726,10.9077,3.6953,3.6825,5.5824,7.8500,3.0733,3.3426,7.0382,6.4316,9.3541,4.2326,5.7788,4.7801,0.2959,5.8965,4.3746,5.8150,4.6270,7.1890
MODA_05,7.9555,6.7334,4.6842,5.1405,6.3505,8.0198,8.5782,6.1562,4.0584,3.5945,8.1655,7.0595,5.8400,8.5068,6.2064,8.4725,5.3736,3.9814,4.5840,6.8831,3.4881,9.6793,3.5152,3.3739,5.3472,8.6061,3.6189,4.3603,7.0229,6.3663,7.7097,4.6688,6.8823,5.1495,1.1486,5.3623,5.0974,6.5020,5.7264,6.7755
MODA_06,9.3755,7.3712,3.5715,6.6821,8.7028,7.9483,10.9299,5.0739,4.2066,4.6498,10.8491,6.0662,7.2095,9.5675,6.3995,9.8637,5.5769,4.9225,2.3987,8.8666,3.4924,10.8792,4.6169,4.3879,6.1517,8.3384,3.2428,4.9058,5.6577,8.3472,9.9261,4.5613,7.4437,6.7033,0.5653,6.4695,5.6004,6.3967,7.1305,8.6838
MODA_07,10.5455,7.4605,2.3518,5.3197,6.3063,7.3740,11.0823,6.3527,3.6922,5.0251,10.3143,6.6251,6.7562,9.3867,5.4057,8.4033,5.0051,2.8745,1.9137,6.8155,1.1991,10.7730,2.3751,2.9261,4.7484,8.7572,3.1193,4.5071,6.6656,8.0104,9.3908,3.1764,7.1962,4.6913,-0.4339,6.7355,5.5040,5.8413,5.1902,8.6629
MODA_08,9.6696,7.2151,3.4573,5.5095,5.7102,8.0224,10.9963,6.3674,2.6332,4.4413,9.6607,4.6871,5.9957,8.5878,5.8092,8.3154,5.2037,3.6163,2.5560,6.3750,2.2191,10.3192,4.4051,3.9125,5.0207,8.1108,2.3203,3.3557,5.8793,6.9999,8.1456,4.9424,6.8966,3.8530,0.4197,4.9416,4.7622,4.8858,3.5532,7.9616
MODA_09,9.1270,7.2308,3.9467,5.7540,7.6349,9.3140,11.0477,5.3096,3.9875,5.4516,8.5605,6.0704,6.9226,8.8598,6.5940,8.8000,5.9353,5.0715,3.8231,7.1785,4.7073,10.6137,5.4680,4.1960,6.0902,8.7453,5.0722,4.7346,6.6125,7.4175,8.9767,5.0246,7.0564,5.9022,2.0708,5.8659,5.9402,6.2893,6.4165,7.8518
MODA_10,10.3724,7.6114,3.7119,6.2354,7.0111,8.1974,10.8653,6.7209,3.3125,4.8775,10.6703,7.5544,7.8300,9.4853,6.8201,9.4688,6.9159,3.8893,1.7874,7.1906,4.4979,11.5480,4.2230,3.9474,5.1365,9.7487,3.2647,4.6920,6.8482,7.6433,9.4238,5.6272,7.6856,6.3644,0.5392,6.6537,6.4915,5.9804,5.6159,9.3439
MODA_11,10.0762,7.7322,4.0660,5.7220,6.8928,9.5575,12.2124,6.8645,3.8206,4.3600,10.9903,6.4555,7.5326,9.9553,6.6262,9.9917,4.9108,3.7248,1.8878,9.0989,3.8954,10.3931,5.7923,3.1232,6.7087,9.9303,3.5694,4.9938,6.7429,7.8017,9.9794,5.9289,7.4461,6.9172,1.2388,6.3922,6.3848,5.7777,6.9058,9.0165
MODA_12,8.5733,6.6367,2.8045,5.5871,7.1019,7.4214,9.9147,6.1270,4.8398,4.9543,8.2200,5.9207,6.7966,8.3938,5.7035,9.4974,4.9056,3.5774,2.8590,6.8337,3.0203,9.1914,4.6989,3.1922,5.5469,9.0153,3.0547,3.7587,7.0956,6.8195,8.1134,4.4209,5.0330,5.0553,1.7421,6.0703,4.1602,6.7639,5.3827,7.6384
MODA_13,9.2923,6.1296,2.2223,4.8199,6.0156,6.8887,9.3327,5.0455,2.6384,4.2201,8.9040,4.5048,7.1179,8.6151,5.3480,9.1263,4.3001,4.4901,1.5977,5.8821,2.5548,9.8751,3.4804,3.0580,5.4215,7.7842,2.0756,3.8694,5.1995,6.7219,7.8425,5.3645,6.1078,5.6682,-0.7157,5.0701,3.4935,4.6103,5.0677,5.7168
MODA_14,10.5309,7.3397,5.3820,5.6570,6.0360,7.5241,11.6182,5.8523,3.8561,5.4647,9.6737,5.7057,6.7665,8.8569,5.7751,8.1532,4.9249,5.0252,2.4898,6.8570,3.8180,9.1832,5.0141,4.6005,5.8674,9.1834,3.2785,3.8528,7.2828,7.9176,8.0815,5.0179,6.5362,5.8445,1.2501,6.2275,6.0382,6.5035,5.7115,7.6981
MODA_15,7.8444,6.1635,3.1654,4.5252,5.9116,7.8913,7.2139,4.6179,3.4083,6.1651,7.6187,6.2188,7.2932,7.9106,5.2656,6.4281,5.3167,4.1399,3.1717,6.5289,3.8344,7.7890,3.3269,4.6974,5.7794,8.0230,3.3755,4.2013,7.8026,5.8122,7.3669,4.0988,6.9272,6.5605,1.7347,6.6342,5.4685,6.6504,5.1222,6.6801
MODA_16,7.9519,6.5159,5.0804,5.3212,6.1034,7.5539,8.3820,5.5566,3.4198,6.5145,9.0598,6.0891,5.9550,7.5452,5.3943,7.3076,4.6231,4.8941,3.6027,7.4086,4.6137,8.0738,4.7503,5.2328,5.2033,7.8384,3.0871,5.2518,4.8383,6.1145,7.1417,5.1035,6.9646,5.1949,3.3010,5.6344,4.1156,5.4455,5.1478,7.1009
MODA_17,8.8995,7.0917,1.5603,5.9789,5.0554,7.8787,11.1678,3.7778,3.1107,3.6876,9.5961,5.8716,5.3145,9.6017,5.0335,8.7308,3.5006,3.4806,-0.0702,5.0323,2.0064,10.0004,3.2585,2.8864,4.8375,9.0062,2.4980,3.2737,5.1538,6.5742,8.7918,3.4316,6.1812,4.8653,-1.6150,6.0545,5.3503,5.6792,4.8387,7.2266
MODA_18,9.7449,7.6197,3.8500,7.6491,6.8937,9.1223,11.2637,6.6733,4.6542,4.9746,11.4867,6.7393,7.5810,10.0942,6.8252,10.1597,5.9309,4.0239,1.9281,7.8961,3.6510,10.9888,3.3792,3.3916,6.0708,9.8022,3.3397,4.9448,7.8029,8.6088,10.2155,5.9003,7.0756,5.5303,0.6013,6.7583,5.4800,6.6958,5.7199,8.4393
MODA_19,9.0382,7.3159,4.7950,6.1347,7.7680,9.4175,9.9945,5.7757,4.6946,6.1524,7.7520,6.4700,6.4873,8.6857,6.9526,8.3303,5.4706,4.1710,4.8683,6.7627,5.1566,9.4412,5.1110,4.3000,5.9161,8.3426,4.4193,5.1030,6.4892,7.1553,8.5747,5.6031,5.8245,5.9514,3.2578,6.9550,5.3413,5.5852,6.1553,7.7612
MODA_20,9.3978,6.7750,3.3325,5.7442,6.6398,7.9976,7.8639,4.4027,2.9691,4.5680,9.3588,5.0108,6.3162,8.8886,5.1597,7.8634,4.1998,3.0319,1.8825,6.5063,3.1493,10.3784,4.7478,2.8219,4.7545,7.4763,3.1108,3.2984,5.4713,6.1907,7.9247,4.2604,5.9746,3.9899,0.7255,5.9261,5.7172,4.7424,4.9075,6.8475
MODA_21,8.7966,6.1937,4.8824,6.8171,6.8697,8.0180,10.5435,6.4939,5.3802,4.6555,9.5460,6.1146,7.7691,8.4644,6.0711,9.7333,6.1316,5.0826,3.8575,6.6033,4.6405,9.1357,5.9588,4.0746,5.7334,8.3124,4.4573,5.2201,6.1928,7.7591,9.0321,5.9133,6.4677,5.5877,2.7537,7.0598,6.5264,6.4943,5.7675,7.6035
MODA_22,9.8117,6.9170,2.0767,5.5803,6.0531,7.7000,10.9820,4.8669,3.0927,3.0902,9.0898,5.4768,6.8936,9.2311,5.5640,8.9193,4.9071,4.0330,1.2354,6.5952,2.2087,10.6246,2.5170,2.7005,4.5282,9.3697,2.1689,3.6374,5.8099,7.5471,8.5330,5.0203,6.7082,5.5872,-0.6340,5.3337,4.5378,5.3156,4.5705,6.3982
MODA_23,9.7977,6.6491,3.2017,5.4924,7.0593,9.0388,11.4995,6.0279,2.8546,5.1143,10.1379,6.6780,7.1424,10.0673,5.8053,9.0112,3.8798,4.7147,0.6972,5.5220,3.4826,11.2589,3.4241,4.0624,4.9843,8.8463,2.4915,5.0784,6.5273,7.1435,8.8290,3.5013,7.7175,5.6989,0.0635,6.5655,4.2014,5.6661,5.9732,7.8666
MODA_24,9.0586,5.8475,4.6145,5.5470,7.4437,7.3701,9.0362,6.3625,4.0559,4.8086,9.0765,5.3736,5.8260,8.0443,5.4975,8.8609,5.3074,3.0468,3.2628,6.4610,4.0862,8.4638,3.3011,5.1190,5.9251,8.0504,4.3466,4.6962,6.6518,7.2007,7.7231,4.9672,5.7676,5.7878,3.6147,6.0869,4.7298,5.8263,4.8842,6.5607
MODA_25,9.8661,8.3697,5.0150,6.2650,7.9026,8.6049,10.2413,6.1733,5.8763,7.0760,10.1279,7.5585,6.4185,9.2047,6.5326,8.9694,6.9711,5.5120,4.7956,7.7978,4.4438,10.0336,5.8056,4.4466,7.4624,8.8881,3.8458,5.7284,6.5406,8.0947,8.3796,6.8844,7.6016,6.7764,2.7165,6.5296,5.1805,5.5827,6.0394,7.6559
MODA_26,8.0264,6.5423,3.2665,6.1936,6.5369,7.9588,9.9234,4.8432,3.2052,5.6513,8.7257,6.1196,7.6187,7.8749,5.2397,7.0862,5.1609,3.8809,3.3804,7.3652,3.9963,10.1194,4.5164,3.5421,5.4153,7.3087,3.6882,5.3439,6.4086,7.6325,8.6606,3.4995,6.4554,5.1123,1.4736,5.1514,5.0171,5.2179,4.9778,7.3665
MODA_27,10.2070,6.7017,3.5679,6.1221,7.3422,7.8959,10.6718,5.0686,3.7552,4.6312,9.1297,6.5832,7.8051,9.3719,6.6333,8.8807,5.5213,3.8968,1.2481,7.0290,2.3800,9.2584,3.9470,3.8602,5.2338,8.6096,1.7197,4.6386,6.4067,6.6223,9.8645,4.0194,6.5885,5.5676,0.1849,6.7061,5.5979,6.8565,5.6171,8.2814
MODA_28,10.7458,7.9235,2.8121,5.7916,7.9939,7.6039,11.1300,5.4475,2.1812,4.6057,9.8093,5.9897,6.4886,9.5218,6.2362,9.7843,5.5563,2.8607,2.3500,6.9953,3.2998,10.4048,3.4188,2.7085,4.9621,8.5833,2.0604,4.4057,6.0546,5.9888,9.2856,3.6302,8.2762,4.4955,-0.2114,5.3288,5.0198,4.9144,5.3428,8.2715
MODA_29,9.9214,6.7138,4.8221,6.1494,6.3652,8.8731,11.4339,6.1703,2.6144,5.3951,10.3161,6.2038,7.2156,9.1659,6.3410,8.5307,5.1981,3.4590,2.0684,7.9284,3.0183,9.3756,3.4432,3.9463,5.6269,8.6364,3.2499,4.4435,6.2568,5.9640,8.7282,5.4610,7.3591,5.1367,0.4202,5.5402,4.5019,6.4367,4.9020,6.9276
MODA_30,9.5957,7.6272,5.3236,6.7849,8.0457,9.7667,11.6651,6.3686,3.8953,4.8878,10.5498,6.8569,8.1452,8.7445,6.6442,9.6963,5.2604,4.9725,2.6580,7.6260,3.1514,10.9617,4.4307,2.7591,6.0687,9.5596,3.1446,3.7727,6.5209,6.4156,10.5136,4.0682,6.5064,6.2812,0.9264,6.6715,5.5470,5.2188,5.7456,7.1258
MODA_31,10.8236,7.6698,3.2597,6.4907,6.6837,8.4309,10.8101,4.7706,3.8520,5.0221,9.0563,5.5188,7.1413,10.2620,6.1431,10.0226,5.7157,2.4874,2.0236,7.3940,3.5429,10.1264,3.8773,3.3022,4.9383,8.5228,1.9374,4.4703,6.5033,7.3584,9.2810,4.8957,7.4405,5.5648,0.1404,6.0583,4.7301,5.4677,4.8291,7.8462
MODA_32,8.9133,6.9426,5.1910,6.4839,7.0848,8.1992,10.3357,4.4833,3.7534,6.0845,10.0520,5.7280,7.5209,9.2681,6.6596,8.5851,5.5176,4.6045,3.1322,7.1615,5.1745,9.8414,4.8886,5.0584,5.6845,9.1411,4.6973,4.8118,6.5719,6.0057,9.0478,3.9578,6.8274,5.7130,2.2516,6.2965,4.6714,5.5403,5.8701,7.3078
MODA_33,8.7232,6.5400,2.9051,5.4213,6.3430,8.7806,11.0233,5.8310,3.0138,4.6893,8.3423,5.3651,7.7342,9.2555,6.8259,9.3068,4.7138,3.5624,1.7989,6.1383,2.7046,10.5399,3.5409,2.9059,5.2456,9.0785,2.2503,3.5962,5.4242,6.0094,8.2949,5.0762,5.7677,5.4978,0.4248,6.0584,4.1781,4.4856,4.4409,7.2779
MODA_34,11.1393,8.2180,4.2211,8.0276,7.9884,8.4122,10.9078,7.0088,3.8248,5.0662,11.6709,7.1006,7.9156,9.6758,6.6250,10.6251,4.9853,3.3844,3.4902,8.2565,2.8790,10.5914,4.5317,4.1661,6.0455,9.2718,2.0821,4.6665,7.5109,7.8088,10.0839,5.5742,8.8473,6.3760,-0.7328,7.2723,4.7239,6.3124,6.3330,10.2428
MODA_35,10.4700,6.9412,5.1076,6.0398,7.0151,9.4220,10.0590,5.8470,3.5101,6.8393,9.6291,6.6545,7.3530,8.2298,6.7079,9.3779,6.0626,4.5641,4.0267,7.2960,3.7470,10.6920,5.4648,5.1119,5.9377,9.3404,3.9626,6.1013,7.1144,6.7005,10.0259,5.4096,7.4662,6.9506,2.0517,7.3728,5.5650,4.7670,6.2728,7.5158
MODA_36,8.4898,7.3484,3.0544,5.4823,7.7931,7.8036,10.1311,5.8563,3.1403,5.5532,9.1545,6.6650,5.8969,8.7693,6.5685,8.8140,5.5428,5.3377,2.8232,7.0995,3.7195,8.4952,4.5468,3.5260,5.8958,8.9388,2.9453,6.0453,6.9098,7.2027,9.0911,4.1678,6.3978,6.3276,2.3917,6.1008,5.7154,4.5040,4.4897,6.5591
MODA_37,9.6563,6.0573,2.4634,6.4883,5.6781,8.1895,9.2139,5.5532,2.2381,3.7629,8.6490,6.0244,5.6282,9.6048,5.1529,8.4432,3.6142,3.4531,1.9266,6.5779,2.2653,9.2061,3.0982,2.9400,4.4157,7.8190,1.8110,3.1861,6.2421,6.8378,8.5640,4.4447,6.1495,3.6290,-0.0693,3.8204,3.8119,3.3640,4.4554,5.4975
MODA_38,10.5206,7.4528,2.1813,6.1951,6.4286,7.7596,11.1007,5.4323,2.3648,3.6512,10.1805,4.7821,6.5404,8.7918,5.5750,8.7307,4.9866,2.8162,2.0057,6.9395,2.6418,10.4879,3.4906,3.2814,4.7335,9.5977,2.3636,3.8160,5.3885,7.4333,8.7266,5.4928,6.3164,6.3752,0.4677,5.9933,7.2036,3.7951,5.1306,7.7276
MODA_39,9.1557,6.6862,3.5349,4.8576,6.0823,7.5678,9.1226,5.7410,3.8063,3.5996,8.5739,5.4826,6.8757,8.7296,5.5616,7.9135,4.3375,3.6865,2.7830,6.0323,3.2303,8.6679,3.2508,3.7273,4.6749,7.6822,3.0734,2.9059,5.6888,7.3048,8.3014,5.1081,6.0788,5.5542,0.1285,6.0667,5.4154,3.7630,5.2674,7.2594
MODA_40,9.1747,6.9179,3.9894,6.9771,5.7367,8.5023,10.5500,5.5923,2.9284,6.2254,9.5938,6.4093,6.4640,9.0981,6.7456,9.9549,6.5154,4.1369,1.4160,6.9367,4.7522,10.1854,5.1753,3.5668,6.8596,8.7538,4.1781,5.7900,7.9001,7.6208,8.7174,5.8606,6.5934,7.2512,0.5135,7.3655,4.7966,6.4681,6.5491,8.0004
MODB_01,7.5051,10.3284,6.0115,5.0966,4.3908,-0.8941,4.6965,3.3738,5.6592,4.0084,3.6640,10.5098,5.1604,5.1405,6.1457,7.4282,0.5402,4.6672,2.8326,8.4706,6.4374,5.4404,2.9855,5.3645,6.4805,-3.0351,4.4858,8.1696,7.2693,11.9264,6.1368,6.5023,5.7088,11.8867,5.7148,6.4504,9.7353,7.0715,4.7173,6.6034
MODB_02,8.9959,10.0831,6.2100,4.1048,4.1784,-1.4356,5.2879,4.1779,5.3078,5.0118,4.3666,11.5787,4.7314,6.4819,7.7310,7.8842,1.1969,5.1045,4.4412,8.4435,7.5225,4.6440,2.8709,6.0442,6.2586,-2.0097,4.7081,7.7275,7.6063,11.7561,7.6507,6.3768,6.2030,13.9176,6.0904,7.3660,10.2720,7.7052,5.4330,7.6217
MODB_03,6.9256,9.2815,7.8988,4.4673,6.2745,2.2168,4.9428,5.7745,5.5093,5.4709,5.9396,8.5229,5.7223,5.7000,7.4310,7.7957,2.0771,4.9748,5.2209,9.9136,8.4013,5.3874,4.8203,6.1484,6.8978,0.4784,4.8129,6.7452,8.0581,9.9858,5.8450,7.3753,6.4221,11.7063,6.4905,7.5983,8.6677,7.0462,5.7465,7.7266
MODB_04,7.7852,10.2968,7.8005,5.9414,5.2409,0.9232,5.6948,5.9811,6.0017,6.4193,5.4094,11.0330,5.1482,6.9500,7.4927,8.0619,0.7802,5.7711,4.7211,8.5567,8.5648,6.1064,4.1592,6.4876,6.6849,-0.3029,6.2996,8.5817,7.9994,11.9793,7.6929,7.3192,5.7381,12.1524,7.6412,6.7232,9.5340,9.0694,6.4507,7.3117
MODB_05,6.0133,9.2389,6.8296,5.4617,5.7549,0.4095,5.0008,4.4141,6.2356,5.7441,3.5966,8.6310,5.6834,6.5196,6.4101,7.3239,1.7110,5.3291,5.0865,7.9421,7.6854,5.1323,4.0186,6.0222,6.9074,0.5285,4.8459,8.4487,7.3929,9.8650,6.7442,5.4700,5.4124,10.5791,5.0059,6.6103,10.3985,7.8135,5.3252,6.6661
MODB_06,5.4801,8.6300,5.6618,4.3081,4.2140,0.4488,5.3975,5.0354,5.4177,4.6262,4.3775,9.3137,4.4692,4.5912,6.8791,6.5199,2.2048,5.4971,4.2958,7.8842,7.0803,4.2859,4.0430,5.2166,6.7352,0.6157,4.4847,6.7945,5.3935,9.2124,5.4032,5.4260,4.9541,10.8979,5.0847,6.0346,8.4690,7.3978,5.8697,6.8971
MODB_07,7.6392,8.1823,7.2249,5.2707,4.6332,-0.4330,5.8203,5.5539,5.3496,5.6007,4.1468,9.1878,6.4266,5.5076,7.1953,6.9532,1.7097,5.1407,3.4972,8.3310,7.6806,4.2292,4.9205,5.6143,6.6757,-1.5181,5.2940,8.5920,6.8744,9.7983,5.7341,7.9968,6.5015,11.6674,5.5344,6.6916,9.9069,8.1800,6.0386,7.5483
MODB_08,7.0950,9.5047,6.0277,5.1438,4.9358,0.8679,6.4937,4.6293,6.0095,5.0967,3.4738,10.6385,3.5558,5.9381,6.1725,6.1847,1.4664,5.1637,3.9183,8.0103,7.1742,4.8336,4.6899,6.1592,5.9011,-1.7103,4.4534,7.7075,8.0007,11.6194,6.0957,6.6697,4.7707,12.1948,6.3427,6.3858,10.6380,6.6359,5.6909,7.4840
MODB_09,7.9246,10.0084,6.2501,4.9279,6.3461,0.5550,6.2043,5.7253,5.4008,6.0489,4.0299,10.5037,5.7024,6.3414,7.8066,7.3142,2.1753,6.2978,4.1642,8.9536,7.0896,5.5279,3.4453,6.3713,5.9620,0.4599,5.5059,7.0756,7.0969,11.2435,6.8644,7.0720,5.0775,11.2923,5.6819,6.5545,9.7349,7.7601,5.3282,6.4254
MODB_10,8.1282,8.6168,6.7182,4.2657,4.5726,-0.6680,4.5470,4.2055,5.5861,4.8023,3.1803,10.0812,4.3507,6.7920,6.6316,7.0293,1.4473,4.9083,3.8545,9.2039,7.3381,5.4465,3.4548,6.2314,6.9324,-0.1335,4.8210,7.1897,8.3978,10.2115,5.8735,7.1246,5.5718,10.9602,6.3886,6.7366,8.8063,6.4554,4.5654,7.2816
MODB_11,6.6377,7.6322,6.8780,5.5071,5.3746,2.0075,4.6862,4.2542,5.5247,6.1034,4.0857,8.5622,4.4320,5.6019,6.2898,5.9985,3.5267,5.2627,4.8318,7.5495,6.0008,4.9192,5.0472,5.8907,6.2644,0.4980,5.0618,5.7199,6.0751,8.0801,5.5011,6.7302,6.0012,9.7378,5.6162,5.8779,8.8683,7.1828,5.1538,5.4862
MODB_12,6.9944,10.2374,7.2672,5.2470,5.1846,-0.9395,6.7588,4.8791,4.7111,4.6333,4.3605,10.9939,4.6528,5.7626,7.2939,7.2575,1.8806,4.7781,3.3995,10.0305,6.8938,4.4219,3.1334,6.5004,6.0321,-3.0683,3.2739,6.9424,7.0016,11.9331,6.3923,7.1318,5.8007,12.1668,6.3753,5.9428,10.4703,7.8296,4.4640,7.2560
MODB_13,8.3031,9.9680,6.9142,4.7280,5.7907,0.5251,5.9353,4.9433,5.5998,5.7374,4.1365,9.5298,6.1303,5.6968,6.7626,7.6229,1.8452,6.5008,3.6984,8.6556,6.7284,5.1840,4.3904,6.6018,7.0352,-1.3175,5.8416,6.0679,6.8566,9.6668,5.4056,5.7313,6.2779,11.8510,7.5158,6.0552,9.8168,7.3941,6.1408,7.5394
MODB_14,8.0499,8.6651,7.4986,6.3938,7.1657,2.7234,5.9004,5.9930,7.6370,6.1700,5.0490,10.7922,5.4725,7.3219,6.7365,9.0473,4.1352,5.3452,6.4413,9.0440,7.8695,6.2227,5.4268,6.8412,7.6652,2.3043,6.5585,7.9599,7.9206,10.6912,7.7995,6.8647,7.5969,9.5999,7.5227,7.6774,8.4477,8.7686,5.1234,7.6551
MODB_15,7.7594,6.9378,5.7177,4.7694,5.0087,0.9530,5.7942,4.8649,6.1335,5.2817,4.3265,7.8677,4.6953,5.6131,6.3137,6.7268,2.7862,4.8798,5.0864,5.9176,7.6372,5.1659,4.5386,6.5370,6.2761,0.3128,3.8601,7.4784,6.0633,7.8628,5.9781,6.2643,5.6631,8.8094,5.2303,6.2411,7.4997,7.1283,5.3354,6.3029
MODB_16,7.6090,8.2058,6.4964,4.8562,5.1406,1.1768,5.7841,5.3973,4.9236,6.0627,4.9372,9.1181,5.3316,5.4441,7.8515,7.6191,2.7569,5.3497,5.0801,8.1760,7.0056,5.7586,4.5033,5.8761,5.6872,0.2684,6.6003,7.2148,7.9603,9.9888,6.1918,6.9772,5.4562,11.3484,6.5388,6.0528,8.1767,7.0472,5.5327,6.6712
MODB_17,6.9492,8.6573,6.3123,4.4599,5.5352,1.5865,6.1141,5.5729,4.5970,5.7603,4.5179,8.5888,3.7211,6.4010,7.4330,6.5777,1.4604,4.6160,4.4919,7.4766,6.8596,4.7565,3.9070,4.5698,5.9668,0.4291,4.8955,6.2925,7.2223,9.2729,5.8401,5.7571,5.3548,10.5394,5.4557,6.6136,7.8488,6.5746,5.1346,6.7345
MODB_18,7.3975,9.4031,7.7674,4.1765,4.4028,-0.2142,5.9170,5.5730,5.4071,6.9784,5.3488,10.2978,4.4918,5.6986,7.3750,6.8951,1.3551,6.1047,4.2082,7.9071,7.1513,5.6888,4.3958,5.8287,6.1997,-1.0940,4.9454,7.5806,8.5414,8.9603,5.9173,6.8945,5.9460,12.6166,6.8395,6.5675,9.8009,6.7658,5.0258,7.0130
MODB_19,7.4663,10.7396,7.0249,4.5917,5.1957,-0.1465,6.9945,4.8955,5.0476,5.0307,4.2836,9.9714,4.6813,7.0155,6.9702,6.6938,1.4176,5.9441,4.4471,8.7110,7.2944,5.0797,3.8956,5.2810,6.6019,-1.4580,3.4339,7.7197,7.0347,12.1775,6.5504,6.8819,5.9065,13.1894,6.5718,6.9411,10.0095,7.3773,5.5513,7.7701
MODB_20,8.6940,9.5829,5.6760,4.7262,4.5028,-0.5132,4.9328,3.9989,5.2559,4.6562,2.3203,9.8637,3.9149,6.3363,6.4075,7.8651,2.0750,4.6886,3.2374,7.4931,7.1572,4.1968,3.1736,5.6312,7.4451,-1.5398,3.4088,7.1908,5.8675,10.0659,6.1260,6.4775,4.2602,10.2559,4.7836,5.9463,9.1377,6.7461,4.7698,6.3120
MODB_21,7.5833,9.7664,6.0745,5.1836,4.6340,1.5713,6.8764,5.2666,6.5755,5.5010,3.8318,9.1986,4.8573,5.8658,8.1014,7.7077,2.8757,6.4616,5.5081,7.9160,7.0898,5.3877,3.6445,7.0488,6.8282,0.5489,5.3323,7.7238,7.8424,10.6221,7.0365,7.5360,6.0958,10.5990,5.9180,6.3336,8.3818,7.2562,6.0158,7.7018
MODB_22,7.7451,10.0257,7.8801,4.7607,5.4361,2.1787,6.1112,5.0915,5.9835,5.3364,4.2370,9.5972,6.7487,6.5422,6.7130,6.6625,2.3580,6.7183,4.5473,8.1941,6.8117,5.4153,4.5970,6.0661,5.2317,1.0222,6.6726,7.5116,6.8190,9.6556,5.9745,6.7396,5.8179,10.8012,6.0085,6.5242,9.0482,7.6747,5.6103,6.8118
MODB_23,7.5041,9.0810,6.2509,3.4575,4.8983,0.2650,4.3699,4.5448,4.7574,4.9158,3.1409,9.0166,4.7756,4.4764,6.5686,6.1069,1.5875,4.7815,2.9438,7.3871,6.7859,4.4660,4.3997,5.2374,6.4368,-1.8049,4.5518,6.3451,7.0822,9.6944,5.7786,6.0233,4.6113,13.0611,5.1487,6.9535,9.3468,7.0914,3.4467,6.3683
MODB_24,8.1605,9.2551,7.2202,5.1955,5.0384,1.5161,6.1120,5.2308,6.1648,6.1635,3.7974,8.3636,5.6921,6.4783,6.7728,7.0235,1.6983,5.1528,3.9898,8.0628,7.1607,5.3483,3.9077,5.3705,6.0818,1.3952,4.9017,6.9922,7.4520,10.0993,6.3024,5.8996,6.0089,9.5107,6.2168,7.3600,8.7389,6.7449,5.8642,6.9995
MODB_25,7.8439,9.2807,6.0482,4.4633,4.8657,-0.4106,5.2543,5.3209,5.7089,4.8760,4.3612,10.3100,4.6975,6.1396,6.0266,6.7112,2.0946,4.6133,3.3431,8.4521,7.4760,5.2810,5.2448,5.4490,6.0408,-0.5109,5.4155,7.0781,7.0975,10.1814,6.2207,6.9554,6.5008,11.2375,5.7223,6.2607,9.3174,7.5123,5.0895,5.3708
MODB_26,7.1886,9.4613,5.6504,4.4165,5.1478,1.3512,4.8401,4.8710,5.5992,5.1841,2.8402,10.5742,5.5105,6.6516,6.7881,5.9461,0.5617,5.4707,3.0703,8.9101,6.8555,4.6344,4.4538,5.8263,7.1715,-0.9874,4.3370,6.0240,6.9946,10.6659,5.4270,6.9377,5.8653,10.9287,4.1706,6.7837,10.1349,7.5709,5.8494,8.0369
MODB_27,7.6617,9.9245,7.5544,5.5175,4.7618,-0.4427,5.9724,4.4774,5.6128,4.8690,4.1383,11.0867,4.6570,6.0434,6.8639,7.4452,1.7171,4.8369,2.7788,9.2393,7.9533,5.7469,4.7713,5.4441,6.5857,-2.1201,4.6129,7.7767,8.3931,11.2669,6.7396,7.2079,5.7192,13.5733,6.3788,6.6990,11.6173,6.9612,5.0835,7.3949
MODB_28,8.3099,8.3788,7.2362,5.5535,5.6346,-0.0628,4.6345,5.0193,6.5800,4.9493,4.2615,8.8323,5.7190,5.7510,6.0543,6.8456,2.5013,6.4329,5.0225,7.4961,7.5581,4.8502,4.7328,6.8693,4.7498,0.0281,4.4638,7.4536,6.9291,8.2006,5.9269,6.3291,5.0942,9.3984,6.2660,6.8221,8.3831,6.7889,5.4163,6.5878
MODB_29,6.6629,8.6551,6.5145,5.0428,6.8399,2.1561,5.6767,6.0692,6.0738,5.4341,4.7382,8.1570,4.7871,6.3951,6.8376,5.8075,2.5269,6.0697,4.1155,8.3316,6.8300,5.5398,4.9589,6.3773,6.7021,1.5052,5.1234,6.6591,6.8998,9.7527,6.3908,6.1539,5.4435,10.2206,5.9795,6.7569,9.3345,6.8059,5.4230,6.3902
MODB_30,8.8877,8.1049,6.2688,5.6758,5.9716,1.8302,7.5815,6.0173,5.8382,5.8182,5.1120,9.8285,4.9679,6.5915,6.4474,7.7510,3.6834,4.8845,4.4999,8.3918,7.2812,5.7701,4.8878,6.0145,5.7319,1.7579,5.6726,7.6520,7.6336,9.2664,6.5524,6.4691,7.7691,11.6876,7.2377,7.3188,8.9721,9.0021,5.9412,7.7793
MODB_31,7.0002,8.7407,6.3219,3.3674,4.4371,1.4462,5.0233,4.4824,5.0125,5.1481,4.1159,9.1575,4.2390,5.8469,6.8247,6.5218,2.4508,4.2950,4.6736,8.3144,8.0397,5.0795,4.2451,6.0147,5.6507,-0.1765,2.9006,6.4476,6.7644,9.4359,6.4309,6.0795,5.5444,11.6527,6.4693,6.3104,9.3713,6.8303,5.5295,6.9246
MODB_32,6.9051,9.0898,6.8049,4.7803,5.0700,-0.0371,6.1903,4.7442,5.3540,3.9261,4.4208,9.6420,5.2602,5.7932,7.3922,6.6356,2.0391,5.4594,3.8987,7.1664,7.4959,4.6584,4.7054,6.1680,6.2323,-0.3249,4.6892,7.7956,5.9634,10.1860,5.5523,7.6730,5.5973,11.5821,6.1551,6.5227,10.2969,8.7834,5.4975,7.1038
MODB_33,7.5909,10.2004,6.9127,5.6775,7.4358,1.3793,7.3530,4.5341,6.5375,6.2251,5.0231,10.4874,5.1667,7.1173,8.0095,8.8752,3.1038,6.5208,4.4770,8.7425,8.9169,5.0729,6.2587,5.5082,7.3064,0.5028,5.4846,7.4649,6.8173,9.9969,6.2740,6.0954,6.1464,11.7086,7.0938,7.2765,10.1156,7.8807,7.1639,7.5750
MODB_34,7.8352,8.5895,5.6093,4.2137,5.8428,1.8511,5.3042,5.0578,6.0665,5.3707,3.7443,9.6862,5.4185,6.4403,6.7564,6.3342,2.8659,6.3443,3.6740,7.3935,7.5148,5.0381,5.8210,5.3347,5.1729,-0.1434,3.4196,7.0541,6.6915,10.0941,5.8488,5.9683,5.5574,10.3744,5.8982,6.3203,7.9717,7.5928,4.6646,6.8536
MODB_35,8.2184,10.2377,7.0408,5.3152,6.0057,2.4383,6.0841,5.7618,7.1003,5.1443,4.5109,10.0871,5.1682,6.0613,5.6705,7.6016,2.1627,6.3688,5.8391,7.6350,7.3274,5.6935,4.3521,6.6136,7.2497,1.7130,5.9217,7.6994,7.9092,10.7357,6.2464,7.8860,6.4530,10.1819,6.3208,6.1375,10.0616,7.9375,7.0597,7.6779
MODB_36,8.2016,9.5210,7.8475,4.7275,5.9049,1.7662,6.6190,5.2751,6.0769,5.7056,4.7291,10.2410,5.1602,7.5460,7.4024,8.1310,2.1742,5.3389,5.2586,8.7746,7.7584,4.9615,5.0475,7.2664,6.2581,1.0397,4.8094,7.0118,7.8826,10.1798,5.9574,6.4420,7.0188,10.5794,6.9011,7.2207,9.3044,7.0204,6.6435,7.3024
MODB_37,5.5273,8.1183,6.4533,5.2769,4.6358,2.4544,5.8692,5.3181,5.2003,5.6984,4.6190,8.3379,4.6021,4.6424,6.8565,5.2573,3.6820,5.4836,4.7467,7.4764,5.7265,5.5540,4.3630,6.3554,7.0707,0.1588,3.8277,6.9163,6.8366,8.8461,6.4179,6.2758,5.9672,10.0816,5.6808,6.4975,8.4991,6.5962,5.4176,7.5768
MODB_38,6.9825,9.6410,6.5462,4.8261,5.5573,1.5829,5.4380,5.7284,5.8993,5.6937,4.8987,10.4829,4.6649,6.2264,7.7685,6.6327,2.0175,5.2620,3.2917,8.0594,7.1673,5.6792,5.3618,6.3509,6.0511,0.3355,4.7456,6.2504,6.5948,10.4017,6.0318,6.5185,5.0249,11.0380,5.7690,7.5998,9.8999,7.4189,5.4452,7.1796
MODB_39,7.9908,8.9360,6.3924,5.0201,3.9170,-0.5842,5.3976,4.7706,6.4578,4.4610,4.4166,9.7434,4.7775,5.2431,7.1052,7.1500,1.0959,5.1326,5.2612,8.1582,7.7966,5.6293,3.7250,6.6657,5.6574,-2.9828,3.8640,6.1284,7.0316,12.0684,7.2247,5.8517,6.6583,12.2986,6.8054,6.6790,9.7751,7.3260,5.7493,7.8787
MODB_40,8.0671,9.6876,5.5362,4.8814,4.5203,0.1917,3.7700,5.2203,5.9181,6.0506,3.3514,10.0597,4.1881,5.7578,7.2303,6.6322,1.6905,5.4552,2.7909,8.7007,8.2503,5.5335,4.0094,5.6983,6.5017,-1.6261,4.5639,7.5450,7.4157,10.9715,5.6451,6.8194,6.4132,12.5750,6.1542,7.4023,10.8262,8.0434,6.0658,7.6781
MODC_01,6.4462,3.8229,7.3972,5.6615,6.1169,4.1828,6.4816,7.5846,6.7202,6.5378,4.8903,6.6163,9.6823,5.5828,7.7581,7.1109,6.4044,7.8412,7.2491,5.6192,6.2554,6.3851,5.4366,5.9540,7.8029,5.5598,4.5645,5.3969,5.1213,3.9223,6.8555,5.8375,7.5202,9.8974,9.4696,6.9743,4.9214,6.6187,3.4317,7.8415
MODC_02,5.4755,3.9527,6.7092,5.8408,5.7709,2.7494,3.3759,7.2282,5.6943,5.0893,3.8636,6.4721,7.8423,4.7547,6.5613,6.6937,6.4430,6.7693,6.2219,4.4690,6.9774,5.6834,3.5080,4.6811,7.4858,5.9028,3.7585,4.9944,3.8055,2.7472,6.8260,5.3413,7.7558,9.4109,9.8819,5.5705,4.0377,5.6815,3.0611,7.7523
MODC_03,7.4728,3.7491,6.2572,6.1808,5.8296,2.9765,4.2062,8.2631,5.6659,8.3841,4.6998,9.2166,11.8049,6.4963,7.8588,8.4806,7.6077,9.4946,7.1262,5.7533,7.2068,6.6634,4.4774,4.4117,8.2892,6.1063,3.1004,4.8120,5.5146,2.6007,7.8841,3.3043,8.4292,11.4575,11.0152,5.0592,4.7420,6.4336,3.7601,9.3552
MODC_04,8.1322,4.3020,6.4619,6.1460,6.0827,3.5548,5.1068,8.0966,6.8544,8.0422,3.7381,7.5386,8.7918,4.8980,7.2767,7.7004,7.4210,7.5727,7.3599,5.7705,6.6176,5.8256,5.2441,5.7277,8.4784,6.1254,3.4755,4.4366,5.0432,1.6399,7.5573,4.8742,9.1938,12.7083,10.4727,6.4373,4.3652,6.1640,4.7190,7.9369
MODC_05,6.6835,2.4469,5.3499,3.9572,6.1195,2.3609,3.2271,8.2464,6.4716,6.9813,3.3739,7.1166,9.9368,4.2213,6.9767,6.8065,6.7019,8.3110,6.3937,4.6445,7.8303,5.7964,3.6436,5.3797,8.0135,5.3235,2.2729,4.6279,3.8217,2.4410,6.9755,3.7912,8.6581,12.7504,11.2108,5.5400,3.1136,6.1495,4.1982,8.7995
MODC_06,6.8113,2.7634,6.7695,6.0832,6.8188,3.2322,4.1520,8.0516,6.5545,7.4314,4.0077,9.1948,9.9755,5.1346,6.8560,8.4582,6.8274,9.1148,6.7940,6.0539,6.8424,5.0825,4.2912,4.5036,8.2038,7.2966,2.8861,4.4456,5.1275,2.3295,8.1907,5.3971,8.3189,11.2733,10.8439,5.7599,4.5579,5.6827,4.0276,9.1249
MODC_07,6.7888,3.6818,5.8996,5.2261,5.4501,3.1666,4.5511,7.2273,6.0446,8.0929,3.0670,7.6929,10.0792,5.0737,6.7884,7.9041,7.0504,8.2727,6.0159,5.5179,6.8893,6.8290,4.0011,5.0036,8.2706,6.7759,2.1876,5.1310,4.7014,3.8536,6.8416,5.4254,7.6020,11.1272,10.5502,6.0551,4.2494,5.8730,4.2447,8.6513
MODC_08,5.9547,2.3220,5.8395,6.1093,5.4557,4.0786,4.4880,6.3199,4.8122,7.1674,3.6199,7.1788,9.6622,4.6712,7.2932,8.1267,6.5611,7.9309,6.1812,5.9580,6.4739,5.6946,5.0378,3.6185,7.3132,6.3830,2.7757,3.1852,5.1981,2.3502,5.9738,5.7713,7.4677,11.4694,8.8990,5.2138,4.6837,6.3428,4.6729,7.6801
MODC_09,7.2823,2.4172,4.9953,6.0819,5.7358,2.8659,4.5396,8.2688,4.9127,7.1962,3.6657,7.2393,10.5183,4.0464,7.2929,6.7918,8.1696,7.3156,6.8974,5.5092,6.5066,5.4851,3.6879,5.0543,7.8852,5.9194,2.8783,4.3860,5.4752,2.8422,5.9664,5.2901,8.1066,12.3633,9.8537,5.9200,3.7524,6.4783,3.6127,8.8076
MODC_10,6.6996,3.5798,6.6123,5.7027,6.7906,4.0935,5.1106,7.1575,5.5105,6.4700,4.0892,6.4384,8.8613,4.6781,6.0602,6.1925,6.4628,7.0806,6.4602,5.6615,6.2958,5.2207,3.8783,5.3584,6.1551,5.2769,3.3982,3.9048,3.8132,3.1199,7.5220,4.3359,7.1640,9.8998,9.0935,5.6918,4.3520,5.7179,4.9510,7.9047
MODC_11,6.0472,3.7556,6.6658,5.0428,5.9786,4.7721,4.3225,7.2639,5.9742,6.6943,2.9854,7.2544,8.4145,5.5712,6.5794,6.7283,6.4107,8.1202,6.8508,5.7314,7.3941,6.1023,4.6932,5.1295,7.7914,6.7216,4.4917,4.9189,4.8286,3.4123,5.9220,4.8850,7.6703,10.0808,11.2282,6.9272,4.8822,5.8052,5.1922,8.3691
MODC_12,5.9857,4.2513,5.9534,5.0804,4.5074,4.5477,3.9625,5.7214,5.0487,6.1245,4.1988,6.2503,7.9265,4.4395,6.0340,4.9414,5.9011,6.8142,6.2226,5.3147,6.0254,5.1392,4.4243,4.9512,6.2474,6.2221,2.5725,3.6754,3.3320,3.7872,6.6447,3.9080,5.8971,8.5954,9.2739,4.8744,4.0775,5.3977,4.2654,6.6150
MODC_13,5.4855,2.4527,5.4721,6.2194,5.3744,3.1941,4.2737,7.9344,5.5201,7.8376,2.7489,8.0972,9.9796,5.1419,7.3606,8.2244,7.1906,9.1234,7.6491,4.3038,6.7826,5.1485,4.0286,5.1549,6.9958,5.7674,2.4786,4.6626,4.1900,1.4636,7.0153,4.0285,8.5030,12.0154,11.8480,5.5884,3.9188,5.9759,3.9451,9.5051
MODC_14,6.3943,3.3247,6.8672,4.2926,5.2204,3.1999,4.6277,7.2444,5.1057,6.3636,3.4086,7.5203,7.6916,5.1093,5.6851,5.7676,5.2617,5.9333,5.9919,4.7547,5.4325,4.1868,4.0837,4.3476,6.8050,5.5371,3.0102,3.6577,3.9233,2.1228,6.2113,5.3778,6.1368,9.5215,7.3871,5.3547,5.1442,5.6103,3.2966,7.0332
MODC_15,6.1981,2.9971,5.5017,5.8952,7.0512,2.0353,4.5610,7.0053,4.9230,6.6023,2.9574,7.5931,9.0675,4.2218,6.2468,7.6613,6.0655,7.4090,6.9015,4.4044,5.4703,5.1451,4.3534,4.6743,7.2050,5.5019,4.1003,4.4013,4.2947,2.5512,6.0025,4.9219,8.0546,9.9641,9.3728,5.8640,3.9503,5.9928,4.2664,8.9523
MODC_16,5.7647,1.4935,6.5233,5.2594,4.7432,3.5958,3.9422,7.5034,4.5237,7.9305,3.0455,8.2522,9.5455,4.2281,5.1249,6.5117,5.6059,7.3863,5.4876,3.9323,5.8827,6.2246,3.8201,3.2187,6.8836,6.2655,1.3500,4.4002,4.1329,0.8760,8.2893,3.0855,8.2931,11.2777,10.2737,4.1669,2.6737,5.5654,2.3203,8.8792
MODC_17,7.2089,0.8477,6.1057,6.5506,5.6621,2.7863,3.4632,8.2744,5.7491,7.5041,2.6641,8.1647,8.8829,4.1621,7.1562,6.9355,7.8569,7.9267,7.5755,6.0257,6.8089,5.5157,3.7183,4.7691,7.9537,5.8515,2.7854,4.5826,3.9448,2.7052,7.2688,5.4162,8.2302,11.8294,10.3529,5.8999,3.3126,6.1576,2.5641,8.5074
MODC_18,6.2401,1.8877,5.7326,5.4407,5.2199,1.6048,4.6315,8.1124,5.5856,7.0664,2.9244,8.2927,10.4259,4.4116,6.5514,7.0291,7.2020,7.8166,5.9141,4.2856,6.9413,5.0727,3.1071,3.7921,7.7411,5.1204,3.4639,3.7349,4.6855,2.3827,4.8668,4.0032,8.9922,11.5025,11.3627,5.7197,3.8780,6.8626,2.7846,8.0879
MODC_19,7.4823,3.6129,6.8503,5.1091,5.7765,2.4952,3.6895,6.3063,6.1314,7.3587,3.5279,6.3008,9.0315,4.1704,6.6324,7.6657,5.8341,7.9469,6.4312,4.6597,6.6171,4.6842,4.7919,4.3771,6.9777,5.6513,4.2441,4.4086,4.4390,2.9505,5.8981,4.2180,8.0252,10.2101,8.8917,4.8365,3.8300,6.3126,3.5448,7.9141
MODC_20,6.4360,3.2864,5.9132,5.9941,5.2520,3.0909,4.5947,6.7061,5.9679,7.5669,5.7373,7.8463,9.3401,5.2731,7.3654,6.6271,6.4512,8.2327,6.7296,4.9224,5.6434,5.2804,5.3461,5.3211,7.0425,5.9369,3.5606,3.9338,5.1640,2.6617,6.7066,5.1595,8.0531,9.3477,8.7488,6.2126,5.0761,5.7349,3.0636,7.9871
MODC_21,8.1702,3.3448,6.9120,5.0921,6.6598,3.5337,4.2385,7.0031,5.7389,6.6006,5.0042,7.8826,9.3438,4.2890,7.8319,7.2743,6.7347,7.0364,6.6216,4.8703,7.2211,5.0262,3.8092,4.8918,7.5459,5.9909,3.3372,4.9805,6.0464,4.2450,7.0056,6.2320,8.6055,10.9346,8.6009,6.6106,3.2636,6.5863,4.4553,9.9257
MODC_22,7.3255,3.8046,6.0024,6.8065,6.4069,4.6469,4.4114,8.8138,6.6219,7.7678,5.6034,7.3928,9.0420,5.2155,7.2596,8.8216,6.5376,8.0356,7.9965,5.6293,7.1887,5.3826,5.3541,5.6882,8.7076,6.3345,3.6337,4.1459,5.8599,3.9349,6.8004,4.5585,8.4219,11.2928,10.7271,6.1654,4.4043,6.2653,4.8830,8.5433
MODC_23,5.9587,1.7021,5.0356,5.0072,5.6510,1.6795,4.2819,6.5086,4.4361,6.3995,2.7612,6.8916,9.6976,4.0844,7.1461,6.9555,6.7573,8.0072,6.0418,4.8645,6.8250,4.1902,3.2156,4.4109,7.7735,4.9752,2.9554,4.0837,3.4313,2.2092,7.9680,2.3643,7.8812,11.6646,9.9411,4.4740,2.9658,5.3786,4.3618,8.2490
MODC_24,7.2407,3.3932,5.8917,6.5076,6.3803,2.9319,4.9283,8.5526,6.2496,8.2840,4.6942,6.5443,10.3226,4.2975,7.2733,9.3040,6.4886,8.6162,6.7731,6.8571,7.6776,6.2381,4.8097,4.3997,8.2021,6.4126,3.7052,3.5306,5.4464,3.1163,7.5981,4.5627,9.9687,11.8378,11.1411,5.9928,3.9285,6.4825,3.3383,9.5323
MODC_25,7.3029,4.0194,6.0002,4.4346,6.2790,3.3978,4.4830,8.0063,6.2912,7.8813,4.2067,8.0497,10.9055,4.5627,6.9986,7.3277,6.5219,7.5323,6.9047,5.0588,6.2833,6.0967,3.8800,4.6750,7.2968,7.0925,3.4234,4.3832,6.0247,2.6608,6.5730,5.2287,7.8064,11.5899,10.4439,6.3170,4.9521,7.2614,4.0697,8.5066
MODC_26,7.4163,2.7363,6.3772,6.8230,5.9075,2.0417,3.4959,7.8862,5.1578,7.2961,3.7304,7.9969,9.4565,5.0676,6.7648,7.5917,5.5537,9.9828,6.4182,5.0852,7.1306,4.9719,4.3405,5.2922,7.5495,7.0376,3.3511,4.9861,4.5222,2.7339,6.5602,5.9962,7.6552,12.4621,10.2866,5.9439,4.0146,7.3474,4.5923,9.0759
MODC_27,6.3726,1.5945,5.9869,4.4008,6.0686,2.6020,3.5563,7.6355,4.3655,5.7796,3.0335,6.7728,10.0379,3.9964,6.4933,7.1160,6.2295,7.8232,5.8435,4.6237,5.8805,4.7707,2.6532,3.9197,6.8920,5.6873,2.7168,4.1443,4.3688,2.4396,5.8394,4.2792,7.6752,10.5749,10.8779,4.7879,2.5712,3.9281,3.0110,7.9517
MODC_28,6.4513,3.5718,5.6467,4.7130,6.9272,2.8156,3.9779,9.4744,5.7206,6.4116,3.9961,8.6819,9.0447,5.2010,6.8278,6.6168,6.3119,7.5374,6.5982,5.8724,8.0948,5.9300,4.9632,4.7515,7.6102,5.6846,4.5071,4.8236,4.6910,2.8864,7.5348,6.1270,8.6596,10.1736,10.5747,5.3517,3.9733,6.5461,5.4677,9.0760
MODC_29,5.2662,2.6014,6.3390,5.6748,5.8194,3.3588,4.3816,6.2099,5.0298,7.2047,2.5201,6.6933,9.3409,4.9974,6.4453,6.3855,6.0766,7.5549,6.0601,5.0603,7.0101,5.7977,5.2951,4.1160,8.1377,4.8353,4.4982,5.2380,4.1801,2.8136,6.4402,4.0268,7.2763,10.8934,9.4028,5.2887,2.9507,5.7774,4.8501,7.3582
MODC_30,7.2020,3.7827,7.3148,5.8865,5.9027,2.9048,3.6371,8.2950,5.9258,7.8130,3.7641,8.0399,10.0130,5.4210,6.9429,8.1124,6.3411,7.8928,6.4227,5.8695,6.8860,6.0917,4.1233,5.0200,8.5197,6.2603,3.9170,5.9430,5.6522,3.2998,6.8314,4.7483,8.0219,11.5652,10.8074,6.9559,3.5294,5.8919,3.7520,7.9092
MODC_31,6.7807,2.9865,6.7308,5.3813,6.0902,3.6556,4.7482,7.0387,4.4276,7.0593,3.9372,7.4303,9.4963,5.7084,6.3131,6.9796,6.1010,6.8742,6.0376,6.4494,5.4893,5.9635,4.7540,5.4599,8.3389,6.0107,4.8872,4.4057,4.2732,2.9352,6.7510,5.7060,8.2906,10.5175,10.2890,6.5814,3.7905,6.7821,3.7635,8.2993
MODC_32,8.2770,3.1227,7.4265,5.8452,6.9179,2.9702,4.0493,9.5109,5.3326,8.0598,3.7375,7.6321,11.7592,4.9461,8.6443,8.3030,8.3984,9.4009,8.2699,6.4629,7.1023,6.6533,4.3912,5.4486,8.5939,6.9465,4.9830,4.9296,4.6482,2.7791,7.4191,5.9440,8.8423,14.1613,11.6099,7.1864,5.0346,6.2289,3.8640,9.0224
MODC_33,7.8153,1.8210,5.5916,7.1323,5.6228,2.5726,4.9300,8.2125,5.9079,7.9978,3.1879,9.1227,10.8227,4.0035,7.1448,9.6150,6.1263,8.5402,7.2767,4.2884,7.4881,5.5061,3.6486,4.4251,8.9305,5.2942,2.4332,5.3950,4.4525,2.7877,6.7883,4.6875,9.7182,13.0701,11.9866,5.5762,2.9189,5.8074,3.6611,8.0295
MODC_34,7.1048,2.5330,6.0224,5.8855,4.1449,3.5430,4.1370,7.2586,5.4876,6.1818,3.4049,6.5942,7.8584,4.8715,6.6727,6.5617,5.5318,7.6157,6.4363,4.5087,6.8228,5.2736,2.7430,4.2211,7.3699,5.7642,4.1436,4.9507,4.5389,3.2605,7.6553,4.3738,6.3194,9.8628,8.7851,5.0366,4.4755,5.6028,3.3483,7.7095
MODC_35,7.5336,3.8123,5.3622,6.1000,8.2087,3.6827,5.1562,7.1247,6.1139,7.9478,4.7365,7.1615,8.9301,4.5809,6.7998,8.2233,8.1382,7.9174,7.8671,5.8867,6.2549,5.7967,5.2424,4.7339,8.5023,6.1598,4.8773,5.8270,4.7531,4.1138,7.3984,5.9674,7.8097,11.2352,9.2308,6.5829,3.3727,6.5697,4.2595,8.4766
MODC_36,6.3577,3.0351,7.0101,6.1875,5.4519,4.1251,3.3430,8.0121,6.4399,6.3725,3.9453,6.6738,9.7598,5.6500,6.6773,7.2440,6.9869,8.8255,6.8079,4.2884,7.1082,5.6100,3.6978,4.0392,8.1481,6.3754,3.3814,4.8736,3.6095,1.9773,6.9844,4.2141,8.5344,10.8204,10.2456,5.2370,3.4277,5.5707,3.6043,8.7012
MODC_37,6.8356,3.9150,5.2569,6.1551,6.0404,3.8254,3.5863,7.1406,5.1201,7.9982,2.7626,6.6952,9.5722,4.6223,7.1533,7.6804,6.9170,7.3177,7.0733,4.8663,6.0371,5.2563,4.6222,5.6569,7.4736,5.8795,2.8047,5.1359,4.7606,2.4693,6.9905,4.0505,8.2198,11.2665,11.8853,5.5713,4.1128,5.1693,4.0827,9.2667
MODC_38,5.5183,2.6659,5.7816,5.5058,5.9173,4.1388,4.3427,7.1856,6.0512,7.4239,5.0654,6.7474,9.2107,4.5830,6.8994,7.6572,6.9065,7.3114,6.8170,4.7254,6.3313,5.5217,4.5081,4.7668,6.5496,6.0157,4.6849,4.5781,4.2248,4.1698,5.5492,4.8405,7.0390,11.2474,8.7445,6.0316,3.6272,7.9306,4.2963,7.2368
MODC_39,6.5528,3.2918,6.0246,6.2052,6.0827,3.5997,4.0074,8.8808,6.0544,8.0492,3.5105,8.8904,9.7151,4.4166,7.4343,7.5895,6.4324,7.1026,8.0276,5.6343,8.5700,6.4719,4.8387,4.8560,8.2341,7.0441,4.5804,5.8329,5.6685,3.3879,7.6899,5.6985,8.7600,11.8071,11.0654,6.1235,5.2960,5.5899,3.8311,9.2676
MODC_40,7.1316,1.3114,7.1265,5.9443,5.9694,2.8735,3.4827,7.8814,5.7747,7.1127,4.4266,8.4563,11.2661,4.7580,7.2503,7.5912,7.9978,8.3598,7.5196,5.5938,7.7023,5.1774,4.7402,3.5282,8.6495,5.9859,3.8080,4.9632,4.6165,2.4736,7.0403,4.0135,10.2620,11.3590,11.0435,5.5927,4.3246,7.4065,3.2607,8.9715
NOISE_01,6.0582,5.7579,6.6087,6.5448,5.3533,6.8547,6.1628,6.5257,7.1157,6.1788,6.7668,5.1833,4.2314,5.2591,7.2578,5.0366,4.4454,6.5720,7.0217,5.0682,8.5787,7.0133,6.0930,6.6458,3.5093,6.6511,4.3920,6.3259,6.0868,5.7641,6.2760,6.2675,5.4934,6.7382,3.7871,5.2579,6.2732,5.7209,5.8390,5.7032
NOISE_02,6.4751,6.1471,5.3938,6.5266,8.0555,4.7967,5.7831,7.3321,5.1647,6.4530,4.6398,3.0415,5.2611,4.7255,7.2188,6.1613,5.4719,6.6110,6.9965,5.0611,6.4404,6.3200,6.8140,7.9980,5.3658,7.8384,5.2036,6.8989,5.1123,6.8654,6.4155,5.8956,6.9875,7.3925,5.0548,4.4827,4.7206,7.7781,5.8981,5.6526
NOISE_03,4.3887,6.9470,5.9730,5.1291,7.5392,5.8343,6.4889,5.6982,7.4690,6.6552,5.0878,6.9786,5.8059,5.5382,6.0345,4.8855,5.1961,6.5306,7.1520,7.7661,6.2297,5.9522,5.2784,5.2868,5.6373,7.2817,7.0408,6.5956,4.5149,7.1095,5.1334,5.1800,6.2459,7.5719,5.0736,6.2143,7.0124,6.2445,5.9974,6.1702
NOISE_04,5.9731,7.3943,6.7725,6.4316,5.2305,5.7595,5.7042,6.3223,5.9252,5.6842,6.0763,5.8944,7.5147,6.8249,4.3543,6.3461,6.5620,7.8488,5.8979,4.5541,6.8317,5.7411,4.9184,6.1365,4.1432,6.4968,5.0262,5.6639,7.0949,5.9866,6.0095,6.9997,6.3553,6.1984,4.0918,5.8282,4.8048,6.1255,5.4895,6.3790
NOISE_05,4.0284,5.8967,6.2677,6.5766,6.6222,5.2612,4.9756,5.2781,5.5396,7.1014,4.9962,5.7090,5.3593,5.5683,6.1766,5.8394,4.4687,7.1861,6.9940,4.3899,5.6110,6.5098,5.9785,6.3203,2.0770,6.0782,5.6072,4.3203,4.3770,5.5213,4.9000,6.7476,5.4627,2.9114,7.9972,7.1536,6.2470,5.8470,4.7168,5.3596
NOISE_06,4.9743,6.1337,5.6714,6.6472,7.6504,6.1387,7.4908,5.8471,6.2967,5.1047,4.8182,5.5478,5.3987,5.4265,5.9184,7.3602,4.9062,7.3812,5.9817,7.2650,6.5811,5.3488,4.4724,4.2624,7.1381,7.3311,4.9364,6.5896,8.0416,6.1031,5.8723,5.5814,6.5870,7.4630,5.7381,4.1261,6.9869,5.7814,6.2255,6.2542
NOISE_07,6.8622,5.8581,6.0578,5.2665,5.5972,6.6373,6.3405,5.5807,6.0946,6.2742,5.4749,6.4284,5.4987,9.0068,6.4100,7.4804,6.1407,6.6579,5.7096,6.5211,4.7411,3.6656,6.5299,8.6328,6.0340,6.4067,4.0737,8.0532,5.2484,6.5995,6.4945,6.7585,7.6507,7.0700,5.6977,4.8621,5.6998,5.8736,6.6021,6.1758
NOISE_08,4.7025,7.3282,7.4228,6.0541,6.0561,7.1861,5.6869,6.5082,6.6947,5.6021,6.4157,5.2844,6.4918,5.2038,6.2517,5.4413,5.7696,6.5969,6.0983,4.7476,6.4899,6.4060,5.0553,6.9938,5.9250,7.4472,8.2828,5.0964,4.4472,5.2961,7.7240,6.4320,4.8848,6.3716,5.6285,5.0802,5.5986,2.8255,6.9395,3.7854
NOISE_09,5.7372,3.7741,6.7940,6.6281,6.9602,5.0920,5.8144,6.2905,4.7398,4.4590,7.5964,6.2863,6.8680,4.8444,6.2085,6.0298,4.7400,7.2909,5.5217,6.9973,6.6722,6.1023,6.8384,7.4413,6.9515,8.5110,6.1585,6.2057,4.4896,6.9192,7.1413,7.0341,6.2067,4.6866,8.0342,5.5126,4.2927,6.0744,6.6079,4.9266
NOISE_10,8.2557,6.6853,7.1142,5.8667,5.0174,6.2749,6.9068,4.8960,6.7969,6.0493,8.2341,6.3506,6.1982,6.3434,5.0097,6.5279,7.5424,5.4239,6.7470,5.9213,5.0710,5.8126,3.7668,6.2597,6.5283,5.9141,4.8789,6.2227,6.9307,5.2260,7.0292,5.4187,5.4434,8.2082,6.6795,7.0342,6.4930,6.9104,5.5386,5.3196
NOISE_11,6.0651,5.3362,6.0809,5.1800,5.8645,4.7695,4.5320,5.4504,6.5517,6.4018,6.0477,6.3709,6.3056,5.8020,5.7711,6.0493,5.9508,8.0786,5.7018,6.5305,5.7949,8.0918,4.8319,5.0991,6.5725,6.3153,6.5281,3.7874,6.1402,7.0570,7.7699,4.7828,6.0818,7.0112,5.4750,6.8680,3.5390,5.5305,7.2118,6.2160
NOISE_12,6.9919,4.7703,6.0229,6.1896,6.0902,7.8366,6.2118,5.9307,4.7022,5.5804,5.1962,7.2364,5.3773,6.0262,4.5980,4.8139,6.1380,6.4677,5.8116,6.6559,5.5240,5.8880,5.1668,6.5302,6.5896,5.9270,4.0936,6.8930,7.2014,6.7316,6.1102,4.9807,4.8361,6.3389,6.4511,7.2685,5.1651,7.8423,4.7594,6.2429
NOISE_13,5.6446,6.5670,7.4324,3.8794,6.8375,6.0086,5.3616,5.4347,5.0320,6.4620,5.1632,6.3126,4.7334,7.2466,6.7181,4.6475,6.6135,6.1840,6.2823,6.1358,6.9139,4.4627,5.9613,5.3058,6.2823,6.1990,7.2930,6.3930,5.9896,5.8414,8.3590,6.1038,5.7738,5.5792,6.9837,6.4615,7.0278,7.0772,4.9247,7.9596
NOISE_14,5.3961,6.6858,4.9963,6.5586,4.3740,7.7100,6.5768,7.4464,7.1579,5.4117,6.0722,5.3329,8.6414,6.6989,5.9343,6.1011,5.4242,5.3872,5.9948,4.1934,6.4860,3.9429,5.7514,6.0011,5.2758,4.6625,6.6137,5.3193,6.8687,6.4763,4.4757,4.6825,6.1402,7.6478,7.2235,6.3520,5.0630,4.9420,5.6407,5.3336
NOISE_15,6.5175,3.6230,4.7848,6.9360,6.0653,5.8803,6.0310,4.3909,5.4021,5.6004,6.0240,7.7428,5.7082,7.7573,6.0234,7.3915,7.4833,6.2040,6.8927,5.5022,5.9796,7.2044,7.1656,4.7835,5.5801,5.8940,4.9742,5.5801,6.2256,7.0908,6.4559,6.6628,6.7682,6.0005,5.7754,6.1551,5.5330,6.1682,7.0594,4.5484
NOISE_16,8.2779,5.6993,5.2231,6.4577,5.8599,6.6673,7.7717,5.7162,5.9628,4.6730,6.8076,5.3023,7.3628,6.6356,5.4032,6.1982,5.2368,6.0002,5.1201,5.9667,5.1581,6.6131,5.8429,6.7866,6.7273,6.4837,7.1027,6.3106,6.7609,4.3643,5.5542,4.4791,3.7312,7.5732,6.4176,7.0695,5.5696,6.5792,5.6467,5.4895
NOISE_17,6.7061,7.7754,7.8810,7.0760,5.9972,7.0409,5.8966,6.0133,4.7477,5.3378,7.2762,8.4255,6.5604,5.8576,4.6225,5.7860,5.7040,6.3989,4.9493,7.1946,4.8886,5.8251,6.3120,5.6786,7.6586,5.9067,6.7126,7.0857,7.0253,6.1935,5.1392,6.4746,5.8254,6.0208,6.4123,8.4081,6.6000,4.9466,6.4360,7.2136
NOISE_18,7.1473,5.3513,7.1993,7.7419,7.0722,4.0939,5.6754,5.2505,5.1171,5.8884,5.1621,6.4316,5.8852,4.3824,7.1402,5.6456,5.7440,7.0793,5.9496,4.0696,5.7762,7.2226,7.9016,6.2213,6.1729,5.2969,4.8757,6.6770,7.1862,3.9067,5.4304,6.6617,5.9437,5.9858,7.3046,6.8785,6.1760,5.3467,6.1948,4.4283
NOISE_19,7.5529,6.7268,6.2819,5.4228,6.5060,5.8233,5.7924,4.8781,5.8108,5.0523,5.6462,5.5397,6.8774,4.3216,7.2381,6.6362,7.2639,5.8541,6.9150,6.7127,5.8607,6.1493,7.0719,7.6519,6.4704,6.3351,4.8650,4.3214,5.6640,5.9720,7.8618,6.2437,5.3746,5.7273,5.5246,3.9609,5.9505,6.1350,7.4494,7.0382
NOISE_20,8.6170,3.5681,8.5602,7.2093,6.3105,6.1986,5.4930,5.8548,5.5822,5.0472,6.2378,6.7137,6.4995,5.7712,8.8271,6.9639,6.8193,7.6283,6.0381,7.0478,5.0785,5.0355,5.4683,6.6976,6.7168,6.4382,5.3028,5.3163,7.0243,3.8082,6.0853,3.6014,5.6479,6.8251,5.8260,6.1529,5.8221,6.0709,5.6501,5.2985
NOISE_21,5.8416,7.2544,4.7865,4.0619,3.5978,5.1066,7.3486,6.8717,6.7869,6.9625,8.0687,7.7369,6.3728,7.7462,5.9521,6.5497,7.0623,6.9466,6.2905,6.4848,6.7228,5.4644,6.9021,3.4944,6.5418,7.0614,5.0146,5.9271,6.3806,5.6776,5.6723,3.5947,5.9672,8.1306,6.6947,6.8875,6.4779,8.0762,4.3298,5.9171
NOISE_22,6.6542,6.2773,7.1452,5.0350,7.0606,5.9467,4.5947,7.8506,5.7889,6.1111,7.4942,7.3332,7.0862,6.8298,4.7303,5.9955,4.2454,6.2366,5.5726,4.2614,8.0936,6.7230,4.4956,6.9474,6.2595,4.8868,4.3640,5.4324,6.9299,7.5126,4.7969,6.0865,6.1420,6.4010,5.3869,5.7986,6.5212,5.0601,4.1807,3.7527
NOISE_23,7.7964,6.6830,5.9172,7.4067,5.7812,7.8714,6.8364,3.6264,6.9125,4.9191,7.1331,5.0300,6.3243,5.2036,6.8645,5.6766,6.7913,4.5610,7.0554,5.7763,5.9376,4.9532,5.7584,4.3885,7.8559,6.7466,7.0305,4.2623,4.8413,4.5286,5.2009,4.7233,5.7005,6.5490,5.9314,6.4553,6.6680,4.7138,6.0549,4.3660
NOISE_24,5.6963,7.1969,5.6888,8.2245,5.0512,8.2705,6.6633,2.9519,3.6871,7.0137,7.5987,6.9778,6.6686,5.0562,7.4774,5.4875,5.7940,6.4976,4.7593,5.0620,6.6126,7.0735,6.3504,6.8420,4.9714,5.4390,6.4009,5.8863,7.7187,5.1737,5.2809,6.5524,6.1159,6.5360,3.9015,4.7721,6.0918,6.4944,5.6864,6.0498
NOISE_25,6.1912,4.7889,5.2411,7.2901,4.7997,6.1700,8.5774,4.2476,5.2938,6.2896,5.7438,7.8256,5.7977,6.5080,5.4861,6.4417,6.5956,5.4004,6.4243,6.3015,8.0756,4.9173,5.7716,5.3321,7.7496,6.3077,6.8073,5.2170,6.4910,6.1139,6.9770,8.4481,5.5445,7.9932,6.9453,5.3272,6.2576,4.9583,5.0452,5.5032
NOISE_26,5.4663,6.7937,5.6312,6.1012,6.3321,5.5631,5.2412,7.2487,6.4230,4.9215,6.2194,5.6540,6.5809,5.5893,6.7063,6.9697,5.4896,5.8831,5.8336,6.0011,5.4834,6.2357,6.3635,5.0166,6.6767,5.0087,6.0167,3.8926,5.0631,5.7896,5.8671,6.2186,6.0026,6.1757,5.4086,6.0537,5.4043,5.9346,5.6127,6.5949
NOISE_27,6.0465,7.4138,7.5849,7.1919,5.9468,5.6550,7.2086,4.0616,6.2366,5.3918,6.2671,5.7858,6.2533,3.8060,4.6258,5.7717,6.4225,5.1587,5.1871,8.1001,6.5456,6.9435,4.5843,4.0467,5.8150,5.8734,5.4933,5.3987,6.1175,7.0652,5.6167,3.1895,7.1650,6.6362,6.1526,5.3609,4.6469,6.4452,6.7167,5.4089
NOISE_28,6.1306,6.3091,4.5709,5.6536,5.5436,7.2738,6.4262,5.7644,6.6669,6.5810,7.0853,6.5832,7.1137,6.3983,4.9297,6.8995,5.5262,5.6051,5.5202,6.4526,6.3263,5.7990,5.7885,6.9984,6.3245,6.1956,6.5417,6.5712,5.2714,7.3201,4.8698,6.7918,6.3976,6.9559,5.0570,6.8662,7.5733,5.3530,5.3576,6.0680
NOISE_29,6.3257,4.8872,6.3859,6.8661,7.6459,6.4463,6.3614,6.1162,4.8545,6.1348,6.4427,5.5608,4.4567,4.9801,6.0048,6.1290,4.8808,5.8567,5.3567,5.2816,4.7721,5.1514,6.7252,3.9728,5.8630,7.4663,6.0353,5.7369,6.2225,6.9385,7.2674,4.9406,4.8376,5.9225,5.8415,4.6323,6.3284,7.4059,7.3766,6.3031
NOISE_30,5.5353,6.3656,5.6994,5.7198,6.9390,5.5708,5.3769,7.5634,5.4836,5.7231,7.0926,4.1396,6.7826,9.0273,3.4090,4.5638,5.9831,7.2257,5.2950,6.0100,5.9068,5.0672,8.3906,7.0021,5.9307,6.5716,6.0529,5.3315,5.4908,4.9188,5.3984,6.6942,6.8831,6.4453,6.3685,5.9249,4.8219,6.7673,5.0427,6.3214
NOISE_31,6.3891,6.8226,6.1720,5.3662,6.1190,5.6013,5.5462,6.0751,6.6093,4.9829,5.1869,4.6322,5.6382,7.0519,7.5541,6.1363,6.1049,5.2010,5.1027,3.9505,5.2028,8.1102,6.2254,5.2036,7.4528,5.3638,5.5282,6.6556,6.2315,3.7679,6.9847,5.6259,7.0498,4.7209,5.6047,7.2155,5.4122,5.5844,4.1527,6.6815
NOISE_32,4.9863,5.2140,4.8221,7.4915,5.6726,6.1249,3.6039,3.8745,5.1306,5.9572,6.8924,5.1080,6.4101,6.7373,6.7929,4.5481,6.9691,6.8753,7.6929,5.6197,5.9496,5.2493,5.8188,5.2045,4.2428,6.0147,4.3161,4.5136,4.0822,7.2027,7.3735,3.9667,6.9191,5.5112,6.5258,6.2272,6.0733,6.3687,6.2782,5.3700
NOISE_33,6.3943,3.4625,6.6977,5.0576,6.3557,6.8037,5.6620,5.4998,6.2834,5.0317,5.4835,5.6972,5.1279,4.0512,7.6351,6.4161,5.1230,7.4541,6.8555,6.0868,5.3715,7.2802,5.2696,6.2722,5.8271,6.5582,5.5310,6.0288,3.8776,6.8077,4.9387,5.4074,5.6446,5.4900,5.4243,6.5436,6.4755,5.8303,5.7883,5.8621
NOISE_34,5.9246,5.8003,5.3980,6.7029,5.2114,4.7577,6.3635,4.8351,5.0170,8.3025,6.1456,6.6722,5.6340,6.9427,7.6909,5.7354,4.8122,7.8721,6.9096,6.7289,6.5688,6.7153,7.3495,5.8333,6.4287,6.9472,4.9466,5.6665,7.1312,6.7915,4.0259,5.5823,6.5660,5.9925,7.5268,6.4150,7.1829,5.4899,5.7279,6.3573
NOISE_35,7.8463,5.7690,6.4187,5.8244,4.9420,7.1428,5.1199,5.7143,4.9800,4.4336,6.1842,5.4637,5.9127,6.7893,7.1224,6.4893,4.8298,5.3380,4.7338,5.8491,5.6546,5.8520,6.4964,5.1730,5.3216,6.9252,4.2193,5.6480,7.0327,8.4054,7.0260,6.6725,5.6648,5.9214,6.3690,4.8911,6.8489,6.5556,6.3725,6.5293
NOISE_36,5.7237,7.2775,5.6984,5.9845,5.7497,5.0389,5.9210,5.9358,5.1130,5.9303,6.1275,5.9254,5.0128,6.1188,6.0777,6.7859,5.6424,4.1043,5.0468,6.4248,3.9542,4.2841,7.1815,7.1951,5.1902,5.5230,5.6297,8.1930,5.9765,6.4039,5.8982,5.2610,7.6371,7.7756,6.5434,6.0001,5.9383,4.4385,4.5751,7.5368
NOISE_37,4.7475,5.5931,8.4524,6.3304,5.5738,5.9522,4.9808,5.1378,6.9671,6.8978,4.4993,7.5332,4.2501,6.6779,5.9117,8.0735,5.6903,5.6596,5.7133,7.3557,5.6378,6.1927,6.8853,6.6211,7.3518,5.3319,3.9035,4.3887,6.5354,4.8915,7.6916,4.2765,4.2104,5.5093,5.1321,5.0640,6.4381,4.5727,8.2958,6.3097
NOISE_38,6.7126,4.9892,8.7993,3.9261,8.8681,5.2696,7.5818,5.3838,4.4749,7.5461,6.8818,5.3274,4.5636,5.8609,6.6760,5.5867,5.8974,7.7220,6.5615,3.1907,7.0052,3.4817,5.1689,5.6201,6.3893,7.3921,7.3872,4.4149,5.2415,5.0905,5.9336,5.3305,5.8166,3.8806,6.5169,5.0151,7.0962,4.7999,5.7301,4.7378
NOISE_39,7.0367,6.5345,4.7912,5.0961,5.8334,5.8947,6.9940,4.7322,5.6263,5.7454,7.1868,4.7589,8.3473,8.3668,5.1031,6.0700,6.5515,6.0588,5.7945,5.9642,6.9772,6.7397,5.7648,5.6526,6.9580,6.7678,5.8224,6.6353,8.9865,5.7716,7.4531,5.1559,5.3835,5.1606,5.0381,6.0845,6.5263,6.4240,5.9851,5.3981
NOISE_40,4.0694,5.9359,7.8500,4.8054,5.6604,5.2093,5.0690,6.8523,4.9236,4.9006,6.9837,5.1022,5.0831,6.0594,6.5576,6.5774,8.4712,6.6202,7.9183,5.0784,4.6146,5.3048,6.0145,6.4952,6.0249,4.0718,7.0850,6.9703,4.0832,3.8939,6.4225,6.2160,6.1409,5.2649,3.3337,6.6039,5.7118,4.8450,5.2857,6.9091
