"gene","Sample1","Sample2","Sample3","Sample4","Sample5","Sample6"
"Gene1",351,275,165,654,480,228
"Gene2",30,26,57,114,159,186
"Gene3",63,52,116,309,303,183
"Gene4",21,19,28,105,75,51
"Gene5",76,36,62,258,138,147
"Gene6",22,49,47,111,111,78
"Gene7",320,257,230,384,777,816
"Gene8",54,74,67,156,183,270
"Gene9",30,17,28,66,84,96
"Gene10",19,22,20,30,42,24
"Gene11",83,419,136,546,753,339
"Gene12",148,105,97,780,495,387
"Gene13",75,108,184,339,312,606
"Gene14",109,71,64,324,228,426
"Gene15",189,100,146,630,252,507
"Gene16",27,36,54,63,204,54
"Gene17",35,62,30,162,231,249
"Gene18",162,195,396,492,573,1101
"Gene19",174,239,295,1152,270,762
"Gene20",125,119,34,117,327,318
"Gene21",100,38,61,198,336,348
"Gene22",64,59,42,195,186,108
"Gene23",5,6,2,18,12,21
"Gene24",37,25,27,57,270,111
"Gene25",135,81,93,435,252,111
"Gene26",165,96,261,327,216,381
"Gene27",124,148,133,444,444,213
"Gene28",20,51,18,72,189,168
"Gene29",36,49,21,90,156,102
"Gene30",30,17,45,99,78,90
"Gene31",70,67,150,432,360,297
"Gene32",51,31,58,195,144,147
"Gene33",72,63,46,237,297,315
"Gene34",39,47,87,126,66,150
"Gene35",90,124,103,42,138,294
"Gene36",9,15,15,33,27,45
"Gene37",115,164,136,246,471,330
"Gene38",20,33,25,69,48,135
"Gene39",205,234,137,534,285,315
"Gene40",95,91,40,228,126,387
"Gene41",99,78,101,195,225,222
"Gene42",34,47,30,84,117,126
"Gene43",150,141,335,684,555,354
"Gene44",181,110,104,414,486,279
"Gene45",78,63,100,180,192,255
"Gene46",57,100,52,234,462,177
"Gene47",152,165,181,396,345,543
"Gene48",54,96,78,207,249,291
"Gene49",83,159,196,489,462,417
"Gene50",24,62,48,147,81,144
"Gene51",98,170,75,345,294,210
"Gene52",115,167,168,789,630,477
"Gene53",28,15,30,123,153,123
"Gene54",74,95,45,216,270,252
"Gene55",118,311,223,342,501,453
"Gene56",104,61,29,270,171,408
"Gene57",15,14,14,60,27,39
"Gene58",19,27,32,42,60,54
"Gene59",70,145,83,261,318,108
"Gene60",151,243,130,363,474,471
"Gene61",844,976,1344,193,133,142
"Gene62",56,76,76,32,24,25
"Gene63",520,308,288,70,119,142
"Gene64",240,240,328,119,61,96
"Gene65",148,40,100,7,23,45
"Gene66",368,808,216,117,77,67
"Gene67",164,360,232,103,77,78
"Gene68",64,128,20,30,31,21
"Gene69",264,196,296,42,84,67
"Gene70",96,124,88,22,23,70
"Gene71",220,268,204,45,63,79
"Gene72",72,84,60,24,4,35
"Gene73",580,680,572,134,55,96
"Gene74",844,872,668,106,224,156
"Gene75",104,156,268,40,53,28
"Gene76",292,348,308,107,162,80
"Gene77",492,680,952,143,124,122
"Gene78",220,112,256,43,37,56
"Gene79",648,308,264,142,99,93
"Gene80",272,448,240,77,62,140
"Gene81",172,332,264,195,41,86
"Gene82",828,1064,912,279,221,518
"Gene83",648,356,508,127,180,303
"Gene84",96,92,48,33,42,42
"Gene85",160,140,256,88,78,80
"Gene86",1108,984,1532,293,221,366
"Gene87",620,492,384,89,199,129
"Gene88",548,884,832,160,276,202
"Gene89",156,104,168,12,43,41
"Gene90",620,944,1484,345,306,216
"Gene91",648,296,328,108,101,66
"Gene92",116,68,56,24,10,10
"Gene93",232,256,344,30,133,83
"Gene94",524,520,928,165,241,197
"Gene95",836,632,824,210,129,373
"Gene96",68,72,60,22,32,13
"Gene97",144,64,40,17,14,18
"Gene98",172,176,88,54,52,26
"Gene99",348,272,224,39,65,62
"Gene100",116,108,72,28,26,15
"Gene101",188,189,76,131,309,267
"Gene102",51,56,55,46,36,26
"Gene103",98,137,64,67,127,62
"Gene104",178,236,227,125,255,286
"Gene105",21,15,27,22,11,20
"Gene106",281,101,292,240,129,144
"Gene107",190,196,202,195,87,96
"Gene108",97,90,65,128,128,138
"Gene109",236,272,141,201,143,210
"Gene110",84,105,28,193,106,49
"Gene111",134,117,80,114,107,129
"Gene112",52,58,33,68,60,75
"Gene113",36,60,40,50,30,67
"Gene114",183,165,280,294,245,217
"Gene115",127,213,81,67,177,192
"Gene116",96,71,66,38,63,91
"Gene117",28,23,32,24,22,33
"Gene118",166,130,123,153,125,132
"Gene119",50,71,98,73,97,79
"Gene120",73,90,119,119,96,121
"Gene121",261,263,134,249,176,302
"Gene122",54,101,95,74,46,67
"Gene123",162,98,96,186,142,135
"Gene124",27,34,27,54,35,59
"Gene125",212,113,103,101,93,192
"Gene126",122,136,73,79,106,80
"Gene127",26,51,30,27,18,27
"Gene128",208,213,199,177,155,177
"Gene129",96,83,112,21,77,56
"Gene130",126,64,106,54,89,74
"Gene131",47,68,83,76,47,97
"Gene132",114,132,134,192,145,131
"Gene133",12,6,5,9,9,10
"Gene134",226,271,281,311,286,365
"Gene135",91,84,64,73,89,96
"Gene136",86,143,96,85,94,58
"Gene137",85,66,104,72,76,39
"Gene138",118,93,93,63,52,93
"Gene139",148,160,151,185,107,167
"Gene140",16,2,20,40,30,20
"Gene141",8,12,14,16,14,16
"Gene142",112,133,113,89,106,60
"Gene143",95,57,56,48,76,26
"Gene144",96,138,86,68,103,126
"Gene145",124,71,142,155,170,200
"Gene146",176,105,261,161,168,168
"Gene147",85,70,84,91,78,94
"Gene148",32,20,15,16,37,23
"Gene149",76,97,139,181,77,139
"Gene150",27,12,14,30,33,16
"Gene151",237,146,151,94,119,214
"Gene152",10,14,15,26,9,7
"Gene153",56,95,85,74,121,90
"Gene154",100,48,56,70,35,58
"Gene155",51,58,43,32,48,52
"Gene156",15,31,24,24,15,22
"Gene157",165,110,88,143,124,82
"Gene158",220,372,214,137,86,135
"Gene159",36,14,27,28,23,29
"Gene160",22,26,12,31,36,32
"Gene161",30,39,38,47,44,48
"Gene162",15,23,33,35,37,32
"Gene163",64,76,52,92,56,63
"Gene164",146,115,268,234,224,250
"Gene165",28,44,20,27,23,26
"Gene166",87,61,127,75,63,65
"Gene167",22,13,15,19,21,23
"Gene168",72,67,60,120,80,132
"Gene169",53,117,69,141,75,148
"Gene170",102,75,73,73,52,76
"Gene171",85,75,130,162,85,42
"Gene172",129,123,91,52,119,92
"Gene173",30,32,62,47,49,59
"Gene174",49,39,28,32,38,22
"Gene175",21,19,26,12,19,22
"Gene176",62,20,26,57,51,33
"Gene177",121,170,136,111,99,64
"Gene178",389,524,458,318,314,199
"Gene179",121,85,118,86,79,76
"Gene180",132,368,262,234,218,221
"Gene181",33,30,25,19,40,50
"Gene182",146,73,100,135,101,67
"Gene183",81,69,49,48,99,77
"Gene184",63,79,56,56,78,76
"Gene185",119,195,242,141,215,93
"Gene186",396,303,112,356,352,416
"Gene187",54,71,45,24,36,38
"Gene188",7,11,11,14,7,6
"Gene189",19,15,61,55,30,30
"Gene190",46,77,76,83,96,102
"Gene191",133,67,91,203,160,101
"Gene192",64,83,56,51,55,68
"Gene193",113,56,69,95,83,68
"Gene194",48,34,64,60,81,76
"Gene195",14,16,13,27,19,30
"Gene196",29,47,51,35,56,66
"Gene197",45,24,48,19,14,38
"Gene198",93,132,122,87,74,87
"Gene199",57,62,74,70,106,54
"Gene200",75,36,33,47,66,44
"Gene201",47,36,33,64,38,27
"Gene202",25,16,11,7,10,44
"Gene203",103,180,146,69,97,140
"Gene204",13,19,13,18,34,19
"Gene205",58,85,59,78,77,76
"Gene206",32,50,85,43,110,86
"Gene207",239,128,203,203,138,241
"Gene208",133,217,215,115,253,147
"Gene209",85,89,93,88,73,94
"Gene210",108,85,48,89,67,71
"Gene211",92,104,108,73,56,45
"Gene212",107,196,159,265,303,98
"Gene213",98,140,207,169,104,199
"Gene214",113,105,145,97,98,135
"Gene215",67,90,47,74,42,90
"Gene216",56,61,70,74,81,50
"Gene217",44,63,75,62,70,78
"Gene218",32,30,20,31,23,36
"Gene219",77,87,32,78,48,57
"Gene220",93,83,59,132,134,177
"Gene221",45,43,70,37,23,66
"Gene222",19,6,8,19,28,22
"Gene223",102,134,58,77,74,89
"Gene224",170,176,164,185,130,158
"Gene225",12,9,9,8,8,5
"Gene226",263,132,303,113,108,162
"Gene227",89,78,67,55,66,144
"Gene228",16,24,32,32,40,26
"Gene229",126,111,128,139,68,116
"Gene230",95,67,24,31,55,52
"Gene231",140,170,187,108,254,272
"Gene232",43,47,48,49,69,45
"Gene233",100,68,157,133,136,98
"Gene234",21,42,39,32,20,36
"Gene235",48,36,15,11,22,36
"Gene236",66,34,68,64,94,58
"Gene237",85,70,28,70,31,87
"Gene238",105,78,140,31,137,102
"Gene239",189,211,62,229,90,301
"Gene240",166,230,212,273,142,170
"Gene241",99,81,70,86,67,30
"Gene242",81,69,148,82,90,96
"Gene243",209,237,199,352,167,263
"Gene244",68,82,79,100,100,94
"Gene245",172,103,117,224,295,130
"Gene246",7,13,6,8,13,3
"Gene247",53,61,44,63,76,42
"Gene248",51,43,57,76,66,56
"Gene249",45,73,43,53,47,11
"Gene250",93,170,400,133,286,219
"Gene251",268,300,417,538,348,349
"Gene252",21,14,29,10,20,25
"Gene253",87,115,93,104,131,83
"Gene254",69,103,51,65,62,53
"Gene255",82,78,113,65,71,97
"Gene256",177,311,196,267,318,355
"Gene257",127,66,90,38,99,65
"Gene258",68,31,69,108,102,117
"Gene259",52,34,51,52,34,25
"Gene260",137,123,140,225,137,272
"Gene261",54,80,106,43,122,68
"Gene262",95,66,64,106,136,90
"Gene263",12,11,20,8,12,12
"Gene264",49,43,43,36,34,36
"Gene265",4,4,6,4,5,7
"Gene266",26,47,38,32,37,32
"Gene267",159,158,197,66,179,105
"Gene268",159,104,198,124,140,166
"Gene269",64,94,45,62,64,76
"Gene270",34,23,40,50,41,28
"Gene271",5,7,10,4,5,2
"Gene272",65,77,85,61,53,28
"Gene273",153,72,121,86,85,135
"Gene274",53,17,32,49,32,10
"Gene275",11,4,7,4,20,11
"Gene276",49,60,22,48,68,90
"Gene277",108,123,138,190,106,88
"Gene278",189,111,155,163,193,205
"Gene279",13,10,21,10,9,11
"Gene280",25,8,21,11,11,12
"Gene281",196,170,81,94,68,64
"Gene282",237,172,153,136,179,304
"Gene283",110,103,143,134,106,94
"Gene284",349,442,334,466,192,222
"Gene285",21,23,43,20,51,24
"Gene286",239,245,196,196,121,265
"Gene287",20,12,35,18,37,16
"Gene288",22,23,12,31,12,32
"Gene289",85,79,61,65,88,73
"Gene290",142,158,123,183,146,146
"Gene291",181,162,121,70,126,175
"Gene292",97,152,278,74,259,63
"Gene293",52,104,80,62,47,41
"Gene294",80,93,38,42,43,47
"Gene295",81,82,88,120,73,92
"Gene296",122,118,114,158,97,50
"Gene297",122,110,98,124,45,74
"Gene298",117,187,121,129,161,102
"Gene299",140,51,128,86,95,51
"Gene300",88,74,90,96,96,123
"Gene301",177,105,125,129,163,107
"Gene302",86,214,191,173,144,306
"Gene303",22,18,22,29,34,31
"Gene304",49,73,62,69,50,68
"Gene305",105,95,97,104,56,38
"Gene306",17,52,22,24,27,20
"Gene307",117,63,157,98,67,84
"Gene308",46,31,56,85,31,44
"Gene309",112,96,125,102,120,97
"Gene310",23,33,23,35,43,41
"Gene311",24,76,31,50,20,54
"Gene312",15,17,12,11,36,12
"Gene313",18,18,11,11,16,36
"Gene314",284,224,264,174,212,136
"Gene315",99,68,58,145,44,53
"Gene316",139,196,131,63,161,159
"Gene317",88,131,97,237,103,180
"Gene318",69,56,56,122,84,60
"Gene319",19,40,26,31,18,32
"Gene320",29,25,20,8,11,12
"Gene321",62,40,56,30,41,78
"Gene322",50,48,60,43,56,89
"Gene323",81,33,73,60,54,66
"Gene324",315,166,251,280,258,383
"Gene325",368,106,311,199,193,373
"Gene326",308,164,182,183,166,315
"Gene327",20,32,8,17,18,11
"Gene328",28,73,92,60,45,32
"Gene329",32,29,13,35,27,47
"Gene330",328,292,386,422,465,265
"Gene331",92,146,134,103,156,191
"Gene332",24,21,9,10,42,14
"Gene333",156,159,124,212,133,143
"Gene334",121,63,107,61,60,93
"Gene335",31,52,46,36,58,12
"Gene336",19,23,12,27,13,30
"Gene337",140,195,81,147,73,60
"Gene338",66,49,37,47,31,65
"Gene339",60,112,171,103,62,122
"Gene340",42,82,95,58,68,96
"Gene341",156,91,72,95,72,54
"Gene342",163,207,189,311,249,260
"Gene343",58,64,31,15,43,22
"Gene344",8,22,13,20,26,19
"Gene345",9,6,8,10,8,7
"Gene346",5,14,11,19,15,10
"Gene347",145,126,141,46,93,123
"Gene348",146,67,127,107,155,78
"Gene349",98,60,91,99,86,92
"Gene350",269,126,208,150,286,132
"Gene351",14,9,18,18,7,9
"Gene352",218,111,150,138,135,177
"Gene353",242,292,244,114,389,99
"Gene354",307,176,100,182,180,137
"Gene355",53,76,73,70,85,66
"Gene356",133,65,106,62,61,86
"Gene357",283,223,258,210,401,251
"Gene358",43,47,24,40,36,45
"Gene359",34,38,39,25,64,26
"Gene360",45,147,161,98,121,122
"Gene361",5,9,13,11,9,16
"Gene362",107,108,171,129,125,174
"Gene363",1,1,3,0,1,0
"Gene364",70,95,97,79,80,46
"Gene365",12,27,16,7,11,12
"Gene366",120,111,94,144,160,126
"Gene367",61,34,153,48,43,69
"Gene368",125,101,121,197,159,182
"Gene369",109,163,122,111,106,144
"Gene370",17,13,9,12,19,18
"Gene371",178,284,198,513,246,235
"Gene372",28,47,35,63,40,90
"Gene373",110,151,197,246,102,107
"Gene374",81,75,129,96,78,175
"Gene375",41,68,38,30,64,34
"Gene376",68,148,61,118,54,128
"Gene377",151,145,137,163,133,144
"Gene378",125,210,196,104,85,88
"Gene379",44,29,47,25,43,43
"Gene380",71,57,70,63,59,42
"Gene381",64,76,116,54,95,97
"Gene382",48,148,226,146,115,88
"Gene383",87,96,108,141,125,81
"Gene384",28,36,28,47,49,44
"Gene385",112,33,100,215,132,149
"Gene386",101,104,155,35,127,106
"Gene387",130,133,184,161,92,124
"Gene388",134,191,134,142,201,217
"Gene389",64,27,56,89,51,47
"Gene390",39,100,103,45,61,38
"Gene391",18,13,68,12,44,24
"Gene392",60,54,47,45,48,46
"Gene393",30,41,27,38,51,76
"Gene394",202,123,73,213,88,97
"Gene395",73,81,52,49,111,86
"Gene396",131,121,80,127,84,106
"Gene397",37,44,39,53,55,25
"Gene398",134,219,91,62,96,232
"Gene399",100,132,142,61,85,111
"Gene400",81,99,107,133,97,119
"Gene401",146,164,133,112,136,119
"Gene402",36,28,98,105,49,78
"Gene403",102,94,136,87,184,214
"Gene404",166,243,196,132,83,213
"Gene405",80,85,59,66,85,39
"Gene406",23,29,42,30,45,43
"Gene407",69,69,29,50,55,54
"Gene408",111,144,197,67,92,93
"Gene409",32,50,36,90,31,61
"Gene410",174,145,263,343,245,98
"Gene411",81,133,100,140,151,148
"Gene412",176,158,174,156,165,207
"Gene413",68,41,45,89,71,65
"Gene414",259,66,121,144,199,104
"Gene415",95,123,103,85,27,74
"Gene416",7,8,7,20,16,13
"Gene417",62,82,99,67,73,61
"Gene418",42,21,43,48,11,56
"Gene419",52,37,109,67,55,62
"Gene420",36,42,61,62,58,104
"Gene421",47,22,34,27,25,27
"Gene422",38,41,30,30,28,48
"Gene423",9,15,21,8,15,23
"Gene424",18,44,14,25,38,28
"Gene425",13,15,7,10,14,25
"Gene426",65,69,43,94,108,66
"Gene427",137,137,215,144,287,129
"Gene428",51,63,36,52,38,52
"Gene429",66,86,69,94,61,64
"Gene430",92,39,39,57,37,42
"Gene431",269,162,250,311,167,215
"Gene432",280,132,138,159,127,175
"Gene433",39,15,29,27,27,56
"Gene434",27,20,28,32,23,51
"Gene435",79,74,72,97,48,53
"Gene436",194,261,206,420,255,376
"Gene437",82,34,70,83,69,49
"Gene438",40,54,30,19,30,45
"Gene439",20,50,36,37,51,28
"Gene440",102,125,102,104,71,120
"Gene441",58,49,28,60,79,68
"Gene442",55,81,77,72,128,72
"Gene443",72,77,51,77,64,66
"Gene444",17,22,40,59,9,26
"Gene445",39,69,39,103,59,75
"Gene446",93,140,98,148,111,118
"Gene447",110,122,71,77,112,70
"Gene448",220,178,306,251,197,132
"Gene449",40,55,38,55,78,53
"Gene450",219,146,368,151,123,242
"Gene451",39,40,63,54,38,26
"Gene452",171,261,234,143,264,261
"Gene453",192,206,139,93,207,182
"Gene454",54,138,102,53,64,103
"Gene455",61,54,52,84,36,65
"Gene456",53,53,44,21,27,26
"Gene457",38,49,51,26,25,58
"Gene458",111,73,66,89,84,74
"Gene459",100,107,54,90,132,115
"Gene460",53,12,36,39,52,57
"Gene461",147,105,177,90,108,105
"Gene462",78,71,51,47,96,51
"Gene463",45,44,112,66,86,47
"Gene464",111,73,115,93,64,117
"Gene465",20,27,35,32,32,28
"Gene466",50,103,64,96,76,98
"Gene467",84,117,81,105,147,64
"Gene468",223,267,214,161,255,320
"Gene469",101,55,69,99,71,33
"Gene470",42,45,58,38,42,28
"Gene471",62,76,63,63,24,77
"Gene472",155,80,129,122,73,105
"Gene473",33,11,20,28,13,17
"Gene474",132,274,134,280,199,201
"Gene475",38,71,32,79,35,39
"Gene476",144,107,65,135,116,104
"Gene477",83,51,151,138,211,162
"Gene478",252,115,203,245,180,148
"Gene479",74,82,58,56,58,61
"Gene480",107,73,132,77,80,117
"Gene481",83,40,143,81,51,164
"Gene482",65,52,80,129,73,88
"Gene483",81,44,59,21,63,44
"Gene484",135,110,101,210,119,111
"Gene485",70,45,41,37,80,39
"Gene486",115,129,70,126,128,150
"Gene487",228,386,187,205,207,431
"Gene488",37,37,28,18,25,34
"Gene489",349,319,138,156,155,133
"Gene490",47,20,33,20,25,41
"Gene491",245,241,173,244,193,204
"Gene492",128,82,54,66,128,151
"Gene493",138,94,94,64,123,153
"Gene494",113,233,164,210,137,202
"Gene495",80,92,68,73,91,97
"Gene496",19,25,16,24,49,15
"Gene497",124,214,84,88,98,100
"Gene498",296,245,397,353,242,264
"Gene499",24,25,22,26,40,34
"Gene500",27,8,9,6,20,29
"Gene501",70,56,57,34,81,27
"Gene502",50,28,53,22,44,35
"Gene503",73,94,81,71,95,51
"Gene504",143,189,152,157,117,168
"Gene505",75,112,64,68,87,51
"Gene506",50,65,88,85,71,42
"Gene507",142,222,227,358,327,129
"Gene508",53,76,53,116,82,127
"Gene509",41,58,32,58,49,52
"Gene510",178,172,173,51,140,157
"Gene511",67,44,129,81,87,119
"Gene512",219,170,152,292,230,240
"Gene513",276,152,288,157,221,200
"Gene514",11,34,21,15,14,22
"Gene515",103,76,101,73,100,97
"Gene516",307,277,176,215,205,306
"Gene517",258,265,256,249,154,197
"Gene518",74,67,66,71,68,88
"Gene519",203,407,216,253,350,280
"Gene520",78,45,48,83,154,127
"Gene521",100,59,75,72,89,98
"Gene522",83,54,67,68,39,85
"Gene523",133,82,135,115,162,114
"Gene524",64,65,79,53,59,59
"Gene525",36,17,14,11,19,24
"Gene526",194,177,159,260,155,251
"Gene527",41,76,68,71,70,80
"Gene528",17,19,22,21,8,18
"Gene529",76,56,51,52,61,76
"Gene530",147,113,66,115,144,192
"Gene531",13,30,9,11,10,15
"Gene532",44,66,48,51,43,45
"Gene533",66,60,67,120,103,141
"Gene534",52,18,40,23,27,47
"Gene535",75,160,61,84,84,79
"Gene536",124,92,74,76,78,64
"Gene537",83,114,109,140,69,91
"Gene538",225,332,211,375,276,115
"Gene539",238,175,134,257,189,169
"Gene540",69,59,41,45,51,36
"Gene541",62,71,92,64,28,45
"Gene542",99,121,98,157,113,102
"Gene543",34,21,29,36,30,19
"Gene544",135,120,79,78,207,113
"Gene545",104,123,180,116,118,126
"Gene546",289,250,285,282,199,242
"Gene547",100,101,89,93,38,155
"Gene548",36,49,96,55,110,105
"Gene549",17,13,10,15,17,13
"Gene550",125,80,74,65,125,107
"Gene551",63,43,53,70,57,50
"Gene552",133,120,109,115,305,207
"Gene553",110,65,127,129,86,91
"Gene554",133,135,146,102,254,88
"Gene555",40,19,20,40,15,34
"Gene556",28,18,43,35,44,69
"Gene557",74,184,44,36,184,47
"Gene558",49,14,26,52,30,53
"Gene559",114,43,77,78,97,138
"Gene560",138,340,290,421,160,451
"Gene561",102,59,94,75,113,55
"Gene562",122,109,120,130,165,115
"Gene563",99,84,141,163,177,210
"Gene564",62,81,97,63,56,87
"Gene565",60,109,108,73,59,46
"Gene566",90,247,144,113,89,228
"Gene567",147,135,54,81,74,133
"Gene568",234,212,156,122,71,121
"Gene569",52,39,44,94,53,25
"Gene570",26,36,30,34,40,56
"Gene571",212,126,92,202,143,317
"Gene572",90,125,69,138,102,106
"Gene573",60,107,119,54,61,63
"Gene574",57,20,65,59,43,39
"Gene575",349,269,322,291,416,270
"Gene576",49,17,52,80,26,40
"Gene577",124,115,79,135,101,83
"Gene578",90,67,29,42,65,70
"Gene579",6,3,5,8,5,5
"Gene580",211,285,229,145,225,197
"Gene581",138,156,266,138,141,117
"Gene582",115,88,69,185,158,243
"Gene583",260,147,218,312,147,221
"Gene584",190,197,119,191,123,84
"Gene585",140,117,91,158,56,170
"Gene586",66,144,94,82,90,94
"Gene587",45,74,27,19,36,27
"Gene588",369,128,228,322,166,184
"Gene589",40,33,43,32,24,28
"Gene590",151,189,228,144,369,164
"Gene591",170,150,89,107,137,186
"Gene592",79,69,79,36,163,106
"Gene593",10,16,8,9,13,11
"Gene594",7,11,15,6,9,10
"Gene595",31,58,41,35,24,47
"Gene596",276,522,325,311,330,351
"Gene597",92,170,119,130,100,85
"Gene598",143,89,171,226,143,125
"Gene599",78,151,124,87,125,86
"Gene600",56,36,42,31,46,56
"Gene601",17,43,67,24,63,31
"Gene602",104,261,202,79,92,194
"Gene603",41,92,68,106,83,77
"Gene604",35,32,38,23,27,40
"Gene605",34,70,39,46,48,51
"Gene606",51,32,79,46,48,62
"Gene607",36,58,54,63,48,56
"Gene608",112,199,133,181,200,276
"Gene609",96,96,60,206,122,53
"Gene610",29,19,34,22,30,22
"Gene611",3,16,15,17,14,21
"Gene612",167,157,254,139,223,224
"Gene613",21,35,12,25,12,24
"Gene614",53,44,63,46,29,53
"Gene615",82,205,116,164,214,351
"Gene616",18,54,50,32,54,40
"Gene617",3,9,10,6,8,9
"Gene618",106,93,80,143,99,164
"Gene619",143,113,77,120,94,113
"Gene620",28,32,60,26,73,56
"Gene621",104,58,115,86,108,127
"Gene622",58,98,104,117,126,64
"Gene623",118,66,86,84,61,56
"Gene624",33,32,33,33,15,13
"Gene625",79,122,78,85,95,103
"Gene626",86,50,40,86,68,88
"Gene627",49,51,52,22,33,41
"Gene628",73,170,137,123,80,175
"Gene629",112,69,106,30,99,110
"Gene630",137,61,87,113,63,51
"Gene631",31,14,26,52,33,18
"Gene632",54,20,40,17,24,40
"Gene633",201,209,220,69,191,160
"Gene634",25,49,20,61,59,85
"Gene635",53,37,30,39,22,37
"Gene636",75,111,91,59,81,54
"Gene637",76,72,128,34,81,67
"Gene638",49,101,68,92,63,74
"Gene639",132,111,87,107,111,184
"Gene640",97,68,117,73,134,123
"Gene641",122,107,63,122,144,57
"Gene642",150,129,154,96,131,104
"Gene643",159,198,223,152,162,229
"Gene644",26,13,28,14,21,12
"Gene645",56,49,34,78,53,72
"Gene646",57,50,205,75,87,83
"Gene647",203,149,215,221,130,126
"Gene648",35,23,37,60,47,28
"Gene649",48,57,61,68,24,28
"Gene650",114,128,244,349,135,158
"Gene651",136,55,99,134,114,110
"Gene652",108,86,177,191,205,97
"Gene653",26,21,31,7,17,15
"Gene654",122,44,142,69,74,81
"Gene655",34,36,36,26,32,27
"Gene656",260,161,207,68,217,122
"Gene657",21,17,20,32,35,41
"Gene658",56,41,75,44,59,88
"Gene659",70,75,75,76,44,102
"Gene660",8,11,19,21,20,13
"Gene661",118,77,108,87,31,161
"Gene662",106,60,75,39,30,75
"Gene663",53,49,39,44,59,47
"Gene664",106,105,49,120,55,78
"Gene665",29,49,41,29,40,55
"Gene666",91,62,168,97,103,73
"Gene667",153,147,147,185,121,62
"Gene668",34,13,8,12,21,16
"Gene669",196,135,187,95,57,137
"Gene670",122,188,73,73,178,136
"Gene671",30,33,35,17,21,41
"Gene672",115,109,67,153,55,122
"Gene673",123,181,166,190,146,91
"Gene674",126,130,40,61,71,60
"Gene675",123,56,80,93,60,36
"Gene676",55,115,79,85,58,79
"Gene677",24,33,12,15,27,40
"Gene678",185,79,59,131,144,93
"Gene679",175,374,164,147,225,187
"Gene680",33,151,76,60,54,75
"Gene681",35,46,29,50,41,9
"Gene682",114,178,144,108,154,102
"Gene683",51,24,28,95,24,27
"Gene684",221,509,160,289,185,304
"Gene685",15,33,30,12,34,19
"Gene686",121,25,50,97,131,110
"Gene687",138,229,116,288,201,283
"Gene688",47,102,75,92,51,83
"Gene689",102,101,151,212,112,130
"Gene690",215,176,178,341,249,152
"Gene691",121,117,87,30,94,149
"Gene692",128,151,251,234,214,182
"Gene693",86,104,62,67,97,112
"Gene694",99,130,94,36,88,187
"Gene695",6,3,8,6,1,2
"Gene696",26,41,50,15,18,42
"Gene697",334,187,334,238,302,270
"Gene698",76,86,148,100,116,138
"Gene699",8,16,12,17,10,12
"Gene700",163,168,147,95,115,131
"Gene701",172,223,148,233,296,306
"Gene702",147,223,255,256,204,309
"Gene703",67,51,60,100,126,44
"Gene704",40,62,65,119,44,81
"Gene705",28,39,35,26,20,40
"Gene706",37,23,19,22,38,26
"Gene707",81,23,52,23,71,74
"Gene708",95,54,33,79,65,109
"Gene709",107,128,126,158,100,94
"Gene710",252,306,321,227,374,375
"Gene711",94,61,93,80,36,55
"Gene712",244,233,280,380,139,59
"Gene713",68,71,75,149,93,125
"Gene714",101,219,168,107,197,199
"Gene715",114,127,76,60,115,35
"Gene716",69,51,60,148,101,56
"Gene717",54,58,156,43,98,69
"Gene718",48,63,76,71,79,74
"Gene719",3,3,2,6,2,5
"Gene720",64,72,157,52,82,49
"Gene721",287,301,344,294,236,299
"Gene722",10,22,27,12,20,20
"Gene723",69,134,125,133,91,123
"Gene724",52,44,90,91,65,62
"Gene725",46,37,51,57,55,46
"Gene726",13,24,41,24,35,39
"Gene727",178,86,63,99,92,55
"Gene728",52,57,56,89,48,77
"Gene729",38,148,119,69,81,80
"Gene730",127,67,119,119,145,115
"Gene731",126,172,198,104,150,64
"Gene732",106,146,69,100,99,136
"Gene733",60,87,77,94,123,69
"Gene734",277,267,163,175,274,182
"Gene735",41,30,61,39,40,48
"Gene736",95,59,197,53,141,127
"Gene737",127,217,177,163,94,195
"Gene738",124,114,128,135,152,166
"Gene739",24,33,18,24,26,53
"Gene740",73,82,62,84,97,159
"Gene741",47,113,113,60,66,63
"Gene742",95,187,148,97,70,243
"Gene743",144,153,124,193,105,162
"Gene744",56,72,110,65,93,87
"Gene745",198,130,216,250,317,265
"Gene746",147,54,95,52,71,61
"Gene747",43,50,16,34,72,48
"Gene748",141,95,135,91,97,150
"Gene749",106,90,149,133,131,104
"Gene750",137,94,100,99,100,101
"Gene751",35,61,59,66,81,42
"Gene752",89,75,48,78,41,57
"Gene753",27,27,27,14,31,30
"Gene754",66,76,55,51,115,55
"Gene755",85,108,96,80,95,132
"Gene756",168,89,158,67,99,195
"Gene757",7,4,7,11,4,9
"Gene758",63,61,46,61,77,47
"Gene759",129,101,151,158,158,200
"Gene760",37,95,59,35,52,118
"Gene761",102,88,100,225,112,98
"Gene762",217,168,128,114,188,131
"Gene763",9,13,22,12,31,19
"Gene764",74,50,61,29,46,49
"Gene765",161,268,212,87,131,87
"Gene766",38,34,84,38,39,83
"Gene767",58,48,33,70,25,28
"Gene768",16,26,19,20,16,17
"Gene769",146,116,98,188,199,110
"Gene770",196,129,178,176,199,305
"Gene771",49,74,56,88,117,63
"Gene772",93,78,114,99,85,125
"Gene773",203,180,269,159,165,343
"Gene774",36,55,43,93,94,44
"Gene775",89,40,25,56,69,63
"Gene776",126,131,216,239,158,163
"Gene777",121,107,86,151,108,177
"Gene778",93,56,96,94,82,51
"Gene779",59,47,37,104,67,70
"Gene780",30,44,28,32,25,30
"Gene781",25,31,25,46,23,57
"Gene782",58,62,107,124,104,113
"Gene783",70,143,39,64,124,139
"Gene784",96,56,92,117,55,76
"Gene785",48,34,57,56,81,62
"Gene786",122,98,107,51,68,90
"Gene787",376,203,240,220,278,277
"Gene788",280,302,232,317,311,227
"Gene789",96,167,142,123,212,160
"Gene790",109,82,59,88,89,70
"Gene791",28,25,33,58,23,44
"Gene792",101,79,147,115,58,128
"Gene793",142,97,229,100,141,123
"Gene794",37,56,55,36,72,43
"Gene795",204,205,249,225,175,263
"Gene796",14,25,12,14,10,24
"Gene797",156,67,169,163,142,195
"Gene798",91,121,97,87,93,48
"Gene799",188,75,99,144,187,66
"Gene800",18,14,19,23,18,29
"Gene801",133,169,157,73,142,102
"Gene802",118,113,178,135,134,110
"Gene803",80,70,91,31,53,60
"Gene804",230,75,210,82,125,232
"Gene805",138,133,104,282,54,236
"Gene806",22,15,13,14,26,10
"Gene807",131,80,96,60,71,221
"Gene808",148,210,243,140,173,157
"Gene809",59,62,41,46,53,40
"Gene810",90,65,127,55,101,13
"Gene811",12,4,6,6,11,8
"Gene812",107,126,147,78,116,184
"Gene813",204,290,136,317,212,239
"Gene814",106,109,257,105,157,110
"Gene815",89,176,251,142,89,203
"Gene816",109,53,147,93,66,95
"Gene817",17,28,15,9,19,15
"Gene818",127,143,130,165,192,157
"Gene819",50,34,23,16,31,62
"Gene820",68,153,207,236,143,227
"Gene821",116,104,74,95,109,148
"Gene822",61,250,127,134,143,136
"Gene823",24,7,21,12,16,15
"Gene824",46,70,54,65,49,148
"Gene825",91,61,62,64,72,78
"Gene826",111,127,126,209,86,225
"Gene827",40,31,57,36,51,42
"Gene828",70,186,117,152,72,122
"Gene829",87,49,75,27,71,80
"Gene830",47,60,60,73,58,27
"Gene831",67,109,85,205,95,190
"Gene832",79,44,70,73,44,48
"Gene833",11,45,46,20,90,89
"Gene834",67,92,97,69,90,60
"Gene835",19,4,10,15,6,8
"Gene836",126,144,172,336,140,95
"Gene837",41,24,21,25,27,29
"Gene838",35,62,38,68,35,55
"Gene839",179,290,192,164,220,177
"Gene840",223,129,111,137,118,154
"Gene841",133,142,186,214,106,139
"Gene842",94,77,79,63,64,81
"Gene843",51,43,66,77,43,54
"Gene844",69,77,65,125,26,111
"Gene845",7,12,10,6,19,18
"Gene846",25,17,28,22,14,27
"Gene847",47,36,44,68,77,27
"Gene848",72,46,97,137,157,72
"Gene849",76,60,102,80,92,71
"Gene850",58,41,53,65,31,35
"Gene851",188,173,178,233,121,174
"Gene852",74,41,127,82,69,51
"Gene853",31,27,23,17,35,51
"Gene854",190,178,126,177,136,180
"Gene855",56,22,24,31,29,23
"Gene856",34,58,59,71,32,28
"Gene857",44,43,111,47,43,72
"Gene858",250,74,125,78,152,142
"Gene859",90,200,121,146,152,180
"Gene860",4,13,5,17,4,3
"Gene861",144,109,83,112,86,100
"Gene862",137,64,156,183,96,116
"Gene863",23,68,54,34,31,59
"Gene864",34,41,84,57,119,70
"Gene865",30,48,84,93,80,122
"Gene866",72,139,132,207,209,195
"Gene867",12,13,24,12,14,33
"Gene868",271,251,189,262,154,152
"Gene869",20,41,39,74,75,54
"Gene870",118,157,213,179,113,117
"Gene871",49,86,37,49,61,56
"Gene872",90,156,99,102,122,205
"Gene873",48,49,74,63,55,38
"Gene874",41,29,97,133,78,120
"Gene875",196,121,163,141,83,200
"Gene876",87,91,55,113,98,80
"Gene877",1,4,4,4,11,5
"Gene878",40,48,26,43,36,42
"Gene879",894,494,448,521,476,412
"Gene880",30,42,30,35,28,44
"Gene881",144,79,97,122,48,89
"Gene882",73,80,52,70,139,72
"Gene883",86,124,66,52,146,135
"Gene884",120,43,95,130,56,50
"Gene885",216,112,122,172,174,93
"Gene886",89,65,114,289,182,148
"Gene887",16,21,13,13,7,23
"Gene888",24,14,22,30,17,30
"Gene889",108,70,188,133,77,151
"Gene890",18,52,24,22,23,51
"Gene891",23,45,37,31,48,45
"Gene892",31,76,60,90,59,56
"Gene893",84,41,43,72,122,69
"Gene894",42,36,79,73,61,41
"Gene895",188,195,136,82,147,129
"Gene896",28,45,28,56,36,33
"Gene897",85,211,159,224,170,211
"Gene898",59,71,14,61,59,33
"Gene899",54,88,46,101,44,77
"Gene900",36,29,23,45,21,23
"Gene901",303,176,188,248,321,412
"Gene902",133,208,245,166,128,222
"Gene903",34,77,43,50,51,42
"Gene904",19,48,23,33,17,25
"Gene905",29,41,91,54,81,96
"Gene906",40,63,41,52,45,61
"Gene907",72,100,44,90,75,193
"Gene908",108,156,149,144,197,136
"Gene909",14,36,43,16,29,22
"Gene910",54,51,27,50,27,45
"Gene911",50,112,69,100,43,23
"Gene912",44,71,41,34,52,55
"Gene913",356,344,357,110,365,321
"Gene914",64,94,61,50,48,75
"Gene915",29,15,12,8,20,13
"Gene916",145,258,120,73,88,232
"Gene917",174,221,165,147,185,211
"Gene918",107,150,209,43,144,228
"Gene919",163,75,65,62,77,190
"Gene920",78,57,90,84,64,78
"Gene921",25,25,42,21,32,42
"Gene922",75,143,99,104,92,99
"Gene923",331,166,258,156,180,273
"Gene924",142,64,70,79,108,73
"Gene925",92,112,123,80,141,117
"Gene926",208,72,77,86,246,124
"Gene927",24,10,35,36,56,61
"Gene928",185,201,155,80,91,200
"Gene929",19,11,19,10,14,29
"Gene930",15,27,12,12,16,13
"Gene931",70,101,95,46,53,96
"Gene932",162,200,216,180,125,174
"Gene933",95,95,136,138,192,157
"Gene934",185,206,161,100,164,101
"Gene935",31,40,42,67,44,48
"Gene936",75,77,98,77,74,83
"Gene937",78,73,104,51,111,35
"Gene938",153,156,115,83,184,95
"Gene939",77,121,87,89,98,66
"Gene940",46,66,27,18,22,42
"Gene941",54,73,66,112,97,73
"Gene942",62,76,67,81,65,94
"Gene943",16,3,6,8,8,10
"Gene944",136,268,115,171,117,132
"Gene945",79,58,24,60,54,37
"Gene946",116,231,140,145,148,118
"Gene947",8,6,6,1,2,6
"Gene948",40,41,62,52,75,43
"Gene949",17,28,65,36,32,27
"Gene950",99,123,67,101,93,121
"Gene951",84,130,110,164,140,137
"Gene952",85,60,53,111,162,85
"Gene953",62,105,28,88,64,91
"Gene954",66,62,85,103,132,202
"Gene955",77,60,63,50,85,71
"Gene956",185,143,226,103,132,160
"Gene957",128,59,44,83,128,144
"Gene958",61,98,91,103,133,106
"Gene959",69,242,113,166,143,159
"Gene960",64,70,103,67,106,42
"Gene961",60,73,86,107,78,112
"Gene962",103,59,95,44,130,122
"Gene963",58,83,22,45,38,46
"Gene964",116,126,72,95,85,125
"Gene965",59,48,34,99,62,84
"Gene966",18,6,9,19,13,15
"Gene967",9,24,11,11,26,14
"Gene968",94,45,60,70,48,61
"Gene969",29,8,10,15,28,18
"Gene970",74,134,103,100,57,98
"Gene971",62,164,271,206,58,248
"Gene972",70,66,46,81,54,54
"Gene973",54,41,40,33,25,17
"Gene974",92,75,117,293,119,76
"Gene975",60,57,44,43,52,29
"Gene976",33,33,37,18,18,28
"Gene977",343,241,132,263,444,166
"Gene978",62,62,64,60,52,41
"Gene979",108,92,87,96,147,153
"Gene980",11,26,36,50,41,52
"Gene981",19,22,36,40,35,28
"Gene982",21,21,19,34,16,15
"Gene983",25,8,7,20,12,19
"Gene984",183,158,157,174,164,209
"Gene985",68,30,29,27,47,48
"Gene986",33,50,31,49,40,27
"Gene987",93,99,68,87,125,109
"Gene988",36,60,44,83,75,38
"Gene989",109,124,140,160,103,97
"Gene990",136,153,173,66,110,126
"Gene991",148,116,85,179,149,113
"Gene992",46,41,36,30,55,84
"Gene993",29,45,26,55,66,41
"Gene994",101,74,62,71,63,40
"Gene995",72,110,79,50,85,84
"Gene996",26,43,53,32,25,61
"Gene997",73,117,52,51,71,50
"Gene998",40,28,21,19,24,37
"Gene999",236,139,281,234,336,158
"Gene1000",96,69,121,120,41,57
"Gene1001",42,53,34,37,31,74
"Gene1002",172,304,145,158,153,139
"Gene1003",107,102,190,171,267,95
"Gene1004",48,50,30,24,24,24
"Gene1005",94,94,74,68,118,88
"Gene1006",86,158,130,111,153,112
"Gene1007",120,81,90,115,141,94
"Gene1008",40,83,41,60,64,107
"Gene1009",5,4,4,4,1,2
"Gene1010",16,9,16,3,14,19
"Gene1011",36,34,46,38,40,34
"Gene1012",54,77,84,65,45,86
"Gene1013",88,53,89,72,35,33
"Gene1014",121,70,121,122,102,81
"Gene1015",24,59,41,66,40,30
"Gene1016",62,120,187,176,76,42
"Gene1017",100,35,60,67,106,122
"Gene1018",112,94,81,92,111,66
"Gene1019",72,83,46,66,67,30
"Gene1020",248,134,44,186,194,77
"Gene1021",75,72,171,158,57,63
"Gene1022",56,36,37,51,36,48
"Gene1023",208,312,164,132,222,310
"Gene1024",12,34,54,24,21,35
"Gene1025",69,87,54,45,64,59
"Gene1026",152,362,212,170,188,201
"Gene1027",199,144,221,96,192,185
"Gene1028",61,32,22,51,46,46
"Gene1029",193,86,238,180,166,166
"Gene1030",91,42,86,124,104,62
"Gene1031",121,112,49,115,92,146
"Gene1032",191,322,250,295,242,222
"Gene1033",111,128,115,25,69,66
"Gene1034",105,37,42,81,114,53
"Gene1035",50,58,58,121,48,74
"Gene1036",9,5,6,10,10,15
"Gene1037",9,18,25,26,31,27
"Gene1038",72,74,158,155,91,94
"Gene1039",47,26,32,39,12,33
"Gene1040",100,50,77,34,90,80
"Gene1041",66,93,66,61,75,29
"Gene1042",202,43,124,150,111,110
"Gene1043",48,53,138,63,67,143
"Gene1044",305,134,182,160,245,208
"Gene1045",107,73,135,139,62,45
"Gene1046",51,21,33,31,28,42
"Gene1047",81,236,153,98,148,143
"Gene1048",47,51,60,39,31,47
"Gene1049",100,125,73,182,245,224
"Gene1050",102,124,101,115,89,51
"Gene1051",238,130,138,116,121,111
"Gene1052",261,486,230,264,260,312
"Gene1053",42,36,29,36,15,14
"Gene1054",225,125,88,148,212,125
"Gene1055",16,25,14,13,14,2
"Gene1056",182,202,154,329,195,211
"Gene1057",35,26,16,22,28,33
"Gene1058",18,7,12,15,11,16
"Gene1059",68,63,95,97,98,102
"Gene1060",89,101,62,48,75,64
"Gene1061",45,79,83,69,87,53
"Gene1062",50,28,34,43,38,46
"Gene1063",176,71,206,175,218,161
"Gene1064",183,122,154,215,145,149
"Gene1065",157,83,109,78,103,130
"Gene1066",110,126,83,117,104,71
"Gene1067",142,103,141,220,118,238
"Gene1068",159,201,162,125,227,114
"Gene1069",101,58,57,80,49,61
"Gene1070",80,17,47,67,35,52
"Gene1071",283,71,114,240,217,292
"Gene1072",21,19,22,38,50,30
"Gene1073",220,154,408,238,140,265
"Gene1074",33,41,32,34,25,41
"Gene1075",131,227,350,288,106,177
"Gene1076",61,63,69,59,74,55
"Gene1077",110,154,224,103,147,238
"Gene1078",384,190,322,355,190,277
"Gene1079",133,185,172,143,346,140
"Gene1080",64,91,62,77,56,45
"Gene1081",145,163,198,97,355,110
"Gene1082",77,111,57,115,68,45
"Gene1083",158,116,95,101,165,129
"Gene1084",72,60,103,133,127,111
"Gene1085",75,117,87,123,94,121
"Gene1086",27,13,22,24,51,19
"Gene1087",169,342,206,109,146,176
"Gene1088",172,241,181,164,47,186
"Gene1089",192,130,111,185,137,78
"Gene1090",24,54,78,23,59,15
"Gene1091",126,249,373,250,190,235
"Gene1092",66,135,70,69,79,82
"Gene1093",34,65,34,35,48,50
"Gene1094",58,32,32,50,37,40
"Gene1095",20,41,47,61,72,34
"Gene1096",58,79,68,83,81,51
"Gene1097",112,179,117,48,151,125
"Gene1098",127,108,204,144,146,110
"Gene1099",327,524,338,172,180,458
"Gene1100",33,32,44,44,13,19
"Gene1101",8,12,17,9,25,13
"Gene1102",58,36,45,68,41,67
"Gene1103",197,140,140,174,113,205
"Gene1104",387,323,276,287,356,353
"Gene1105",303,164,695,477,160,389
"Gene1106",209,299,178,118,248,237
"Gene1107",22,28,25,18,26,29
"Gene1108",112,58,78,65,66,90
"Gene1109",71,62,51,37,57,59
"Gene1110",188,272,119,186,198,136
"Gene1111",60,52,59,46,37,60
"Gene1112",86,142,66,45,40,91
"Gene1113",39,59,25,53,38,19
"Gene1114",280,98,151,224,152,146
"Gene1115",38,46,70,40,72,58
"Gene1116",19,25,5,26,24,34
"Gene1117",192,204,204,182,260,129
"Gene1118",11,8,12,27,22,13
"Gene1119",15,23,26,25,45,25
"Gene1120",93,87,221,94,94,71
"Gene1121",102,60,40,55,109,68
"Gene1122",65,30,67,11,40,37
"Gene1123",67,110,38,82,70,73
"Gene1124",275,487,282,200,306,247
"Gene1125",187,173,154,175,170,98
"Gene1126",186,93,62,68,82,110
"Gene1127",139,143,113,144,267,124
"Gene1128",56,39,36,21,45,50
"Gene1129",149,156,86,213,235,265
"Gene1130",34,33,45,49,33,17
"Gene1131",222,85,145,114,122,105
"Gene1132",68,54,44,66,146,44
"Gene1133",152,144,205,111,175,139
"Gene1134",30,77,43,45,40,68
"Gene1135",81,53,70,74,68,137
"Gene1136",39,75,54,40,44,24
"Gene1137",155,203,169,171,212,116
"Gene1138",168,162,260,225,101,204
"Gene1139",157,125,87,116,143,157
"Gene1140",303,195,133,183,190,169
"Gene1141",142,154,224,214,216,132
"Gene1142",30,25,18,14,29,13
"Gene1143",79,65,52,68,49,44
"Gene1144",103,131,140,93,161,117
"Gene1145",110,87,81,105,112,175
"Gene1146",103,91,108,47,121,97
"Gene1147",28,32,49,50,27,71
"Gene1148",45,29,18,41,11,47
"Gene1149",379,221,337,339,360,402
"Gene1150",218,154,199,78,95,170
"Gene1151",120,120,125,135,150,165
"Gene1152",106,36,60,50,50,43
"Gene1153",340,194,201,365,333,114
"Gene1154",162,99,286,309,270,224
"Gene1155",15,25,11,14,6,9
"Gene1156",103,55,64,68,47,75
"Gene1157",60,41,68,50,48,66
"Gene1158",294,122,91,133,121,187
"Gene1159",73,11,52,47,38,41
"Gene1160",70,38,50,91,50,60
"Gene1161",91,75,86,88,91,51
"Gene1162",60,38,24,46,53,51
"Gene1163",34,32,25,13,36,16
"Gene1164",129,234,90,139,142,106
"Gene1165",39,41,15,52,22,28
"Gene1166",124,105,166,121,121,217
"Gene1167",47,41,64,46,48,33
"Gene1168",64,32,55,82,54,36
"Gene1169",109,101,88,219,163,161
"Gene1170",30,106,23,55,30,49
"Gene1171",114,60,57,53,30,83
"Gene1172",106,182,134,177,196,138
"Gene1173",136,125,129,81,123,151
"Gene1174",63,101,86,120,95,36
"Gene1175",93,128,94,87,83,164
"Gene1176",46,110,110,85,25,84
"Gene1177",62,34,32,28,28,64
"Gene1178",69,54,89,40,45,49
"Gene1179",124,92,177,112,203,151
"Gene1180",79,55,119,73,65,102
"Gene1181",50,54,89,91,50,74
"Gene1182",76,32,39,52,44,36
"Gene1183",16,5,7,6,15,15
"Gene1184",32,75,90,69,80,38
"Gene1185",36,68,37,48,30,24
"Gene1186",33,49,59,58,70,66
"Gene1187",255,139,219,154,199,201
"Gene1188",75,211,163,284,156,116
"Gene1189",16,35,18,27,13,10
"Gene1190",31,34,78,45,87,63
"Gene1191",66,71,67,71,49,48
"Gene1192",170,110,290,191,190,158
"Gene1193",10,6,13,17,10,13
"Gene1194",225,382,422,303,134,294
"Gene1195",40,17,37,12,28,19
"Gene1196",15,18,19,24,26,15
"Gene1197",17,6,21,6,11,14
"Gene1198",42,76,95,78,103,95
"Gene1199",167,131,157,193,184,100
"Gene1200",92,101,62,142,112,89
"Gene1201",140,132,222,159,155,199
"Gene1202",242,163,154,208,188,154
"Gene1203",29,56,42,53,69,33
"Gene1204",4,5,4,8,4,6
"Gene1205",55,36,66,58,59,59
"Gene1206",76,55,55,60,49,35
"Gene1207",90,53,115,86,35,76
"Gene1208",23,14,15,32,6,8
"Gene1209",57,46,29,35,72,44
"Gene1210",17,14,18,14,7,16
"Gene1211",199,172,201,139,115,196
"Gene1212",89,69,175,132,152,87
"Gene1213",123,134,90,118,108,84
"Gene1214",142,182,211,165,103,228
"Gene1215",62,43,45,57,43,44
"Gene1216",88,110,91,87,82,112
"Gene1217",51,25,38,32,36,60
"Gene1218",23,18,17,31,20,46
"Gene1219",97,68,116,48,56,71
"Gene1220",98,55,118,67,71,50
"Gene1221",203,107,138,122,133,139
"Gene1222",60,60,53,54,66,73
"Gene1223",120,158,146,121,127,189
"Gene1224",100,101,134,72,164,83
"Gene1225",72,34,76,23,49,57
"Gene1226",67,37,86,89,42,31
"Gene1227",83,84,148,71,56,72
"Gene1228",49,37,72,63,49,42
"Gene1229",209,269,383,402,506,379
"Gene1230",84,43,65,100,139,115
"Gene1231",75,123,65,113,86,124
"Gene1232",188,134,119,180,133,90
"Gene1233",141,124,169,194,130,294
"Gene1234",140,149,115,111,197,195
"Gene1235",37,58,122,71,88,144
"Gene1236",27,32,52,13,44,41
"Gene1237",7,3,10,5,3,6
"Gene1238",390,405,530,422,92,329
"Gene1239",114,94,106,66,41,138
"Gene1240",144,155,148,116,216,169
"Gene1241",217,143,93,129,122,118
"Gene1242",73,97,49,37,119,56
"Gene1243",134,160,89,194,117,214
"Gene1244",148,256,126,133,112,144
"Gene1245",48,41,66,61,28,21
"Gene1246",50,85,91,87,106,153
"Gene1247",60,35,42,43,56,47
"Gene1248",93,226,262,186,138,112
"Gene1249",53,119,37,94,56,52
"Gene1250",48,78,100,101,70,108
"Gene1251",83,110,78,128,105,97
"Gene1252",121,117,59,60,112,129
"Gene1253",35,55,67,74,86,60
"Gene1254",40,73,53,83,52,29
"Gene1255",17,11,16,20,13,24
"Gene1256",30,19,30,28,16,19
"Gene1257",25,37,44,77,47,13
"Gene1258",75,144,141,89,212,137
"Gene1259",84,65,68,84,60,76
"Gene1260",53,125,151,74,75,89
"Gene1261",39,42,32,64,93,63
"Gene1262",20,48,29,22,42,13
"Gene1263",77,74,52,50,102,57
"Gene1264",209,169,325,226,227,177
"Gene1265",178,278,102,347,204,164
"Gene1266",69,74,67,133,96,121
"Gene1267",75,44,68,68,60,53
"Gene1268",68,47,41,70,55,43
"Gene1269",19,27,15,27,13,18
"Gene1270",67,71,98,59,93,117
"Gene1271",198,154,143,230,110,222
"Gene1272",153,260,212,183,210,236
"Gene1273",183,103,150,201,168,109
"Gene1274",82,50,162,184,124,115
"Gene1275",81,59,45,30,68,83
"Gene1276",255,97,223,276,190,252
"Gene1277",390,524,280,332,430,504
"Gene1278",92,54,33,36,27,53
"Gene1279",75,86,63,59,90,96
"Gene1280",38,60,39,47,32,72
"Gene1281",39,65,38,21,31,24
"Gene1282",187,191,150,234,168,90
"Gene1283",38,37,42,32,59,39
"Gene1284",83,189,157,101,133,216
"Gene1285",37,45,50,53,44,78
"Gene1286",17,22,19,20,13,14
"Gene1287",55,21,11,30,42,40
"Gene1288",128,131,79,132,53,133
"Gene1289",120,102,134,62,50,53
"Gene1290",250,169,180,243,148,303
"Gene1291",44,73,55,97,55,77
"Gene1292",172,180,218,161,143,359
"Gene1293",76,71,68,46,33,121
"Gene1294",78,162,91,70,64,104
"Gene1295",38,46,23,25,27,26
"Gene1296",10,40,18,30,23,18
"Gene1297",36,70,50,67,32,48
"Gene1298",89,85,98,100,91,103
"Gene1299",91,119,112,55,196,145
"Gene1300",24,20,23,40,19,35
"Gene1301",41,130,46,44,85,84
"Gene1302",136,126,110,127,131,138
"Gene1303",32,106,63,30,48,47
"Gene1304",46,42,42,76,136,37
"Gene1305",226,269,281,376,282,168
"Gene1306",196,186,196,304,193,334
"Gene1307",89,64,142,115,131,113
"Gene1308",156,116,118,112,177,145
"Gene1309",79,116,104,44,120,93
"Gene1310",37,72,56,56,25,53
"Gene1311",37,52,37,35,18,31
"Gene1312",115,67,117,173,163,141
"Gene1313",35,23,34,21,27,24
"Gene1314",28,20,44,39,40,24
"Gene1315",219,133,118,82,220,110
"Gene1316",139,142,119,112,90,76
"Gene1317",37,46,34,30,39,70
"Gene1318",65,52,42,67,57,45
"Gene1319",55,29,80,49,62,64
"Gene1320",46,79,99,56,73,116
"Gene1321",112,186,101,99,102,121
"Gene1322",59,115,139,65,141,83
"Gene1323",152,143,112,119,158,89
"Gene1324",84,79,102,70,139,124
"Gene1325",94,146,162,139,116,85
"Gene1326",204,452,266,289,213,530
"Gene1327",213,199,327,182,75,198
"Gene1328",120,131,152,71,153,60
"Gene1329",127,169,177,239,226,127
"Gene1330",95,95,121,95,88,173
"Gene1331",112,282,268,108,86,116
"Gene1332",31,52,54,44,33,57
"Gene1333",70,64,114,63,98,163
"Gene1334",329,317,142,193,254,171
"Gene1335",59,291,120,131,92,144
"Gene1336",247,127,354,175,319,201
"Gene1337",18,25,30,14,28,38
"Gene1338",59,53,82,36,83,77
"Gene1339",217,177,109,106,150,205
"Gene1340",79,113,160,71,106,60
"Gene1341",63,145,135,160,158,96
"Gene1342",382,205,322,563,478,166
"Gene1343",33,69,71,72,76,57
"Gene1344",297,304,235,323,214,388
"Gene1345",135,219,142,95,199,149
"Gene1346",14,6,6,17,16,18
"Gene1347",64,53,62,28,49,26
"Gene1348",85,121,157,51,65,131
"Gene1349",90,45,66,56,84,34
"Gene1350",80,82,102,119,85,44
"Gene1351",108,236,207,124,334,229
"Gene1352",249,224,222,280,168,195
"Gene1353",91,150,124,114,132,102
"Gene1354",28,52,43,34,30,58
"Gene1355",100,66,49,84,148,102
"Gene1356",90,54,62,150,136,51
"Gene1357",80,54,57,73,39,72
"Gene1358",551,219,342,534,338,588
"Gene1359",68,62,27,68,81,56
"Gene1360",82,64,71,88,73,31
"Gene1361",30,17,27,21,28,24
"Gene1362",161,53,107,178,111,202
"Gene1363",75,75,60,29,40,58
"Gene1364",107,59,42,83,96,34
"Gene1365",334,184,191,215,250,419
"Gene1366",14,19,30,20,20,28
"Gene1367",287,161,105,274,107,226
"Gene1368",143,175,170,308,394,262
"Gene1369",31,23,33,31,22,26
"Gene1370",55,63,58,44,49,119
"Gene1371",29,32,17,19,12,31
"Gene1372",114,158,163,249,208,166
"Gene1373",133,177,315,176,414,144
"Gene1374",141,174,239,155,96,123
"Gene1375",8,2,10,15,1,1
"Gene1376",78,91,210,108,152,210
"Gene1377",9,10,10,5,17,19
"Gene1378",24,87,161,82,103,105
"Gene1379",52,74,55,64,131,77
"Gene1380",98,92,86,26,63,64
"Gene1381",59,92,143,93,48,88
"Gene1382",99,170,80,154,157,116
"Gene1383",406,309,450,292,541,514
"Gene1384",262,468,292,364,295,278
"Gene1385",157,244,305,416,291,282
"Gene1386",46,13,30,22,27,11
"Gene1387",169,112,181,137,132,176
"Gene1388",103,102,100,92,83,88
"Gene1389",86,94,112,66,38,58
"Gene1390",80,89,61,77,144,107
"Gene1391",96,219,106,243,157,121
"Gene1392",92,58,24,78,73,66
"Gene1393",130,135,145,111,88,72
"Gene1394",103,95,47,44,63,89
"Gene1395",154,173,204,110,106,194
"Gene1396",25,21,29,69,33,28
"Gene1397",108,140,179,213,183,211
"Gene1398",57,116,137,114,108,122
"Gene1399",33,25,23,14,25,15
"Gene1400",52,88,53,50,32,97
"Gene1401",24,98,85,108,27,61
"Gene1402",64,39,69,85,40,52
"Gene1403",201,45,163,105,75,157
"Gene1404",34,47,34,27,18,35
"Gene1405",208,74,84,88,120,131
"Gene1406",72,83,77,70,75,67
"Gene1407",32,63,45,61,45,50
"Gene1408",186,148,153,78,141,154
"Gene1409",110,105,100,73,123,63
"Gene1410",475,501,494,439,391,443
"Gene1411",60,51,30,64,39,52
"Gene1412",163,130,83,88,114,108
"Gene1413",213,175,186,176,163,56
"Gene1414",60,37,31,52,66,72
"Gene1415",188,196,256,230,242,261
"Gene1416",90,62,113,66,34,60
"Gene1417",45,51,58,73,28,58
"Gene1418",185,92,319,229,244,199
"Gene1419",182,144,113,121,107,66
"Gene1420",337,104,374,180,129,146
"Gene1421",52,22,48,36,35,55
"Gene1422",66,66,58,67,99,86
"Gene1423",156,133,144,178,151,86
"Gene1424",39,45,43,83,37,47
"Gene1425",69,41,78,84,70,99
"Gene1426",63,49,110,97,31,103
"Gene1427",9,15,7,6,24,14
"Gene1428",133,55,32,75,35,52
"Gene1429",87,84,148,124,78,108
"Gene1430",171,182,110,99,165,153
"Gene1431",125,130,183,169,139,113
"Gene1432",175,165,241,286,115,181
"Gene1433",51,86,68,99,70,144
"Gene1434",102,84,104,147,73,177
"Gene1435",41,45,51,38,57,25
"Gene1436",79,185,96,125,144,76
"Gene1437",49,78,56,92,53,38
"Gene1438",22,31,16,25,28,31
"Gene1439",45,33,22,11,30,16
"Gene1440",317,379,220,180,415,249
"Gene1441",73,91,76,110,31,79
"Gene1442",187,56,170,148,101,109
"Gene1443",209,68,68,77,80,123
"Gene1444",110,148,369,175,186,229
"Gene1445",86,95,93,116,160,43
"Gene1446",55,103,50,126,102,45
"Gene1447",189,171,188,77,134,224
"Gene1448",37,32,33,77,26,66
"Gene1449",116,32,57,78,73,97
"Gene1450",85,111,82,78,123,120
"Gene1451",81,101,56,180,96,53
"Gene1452",125,84,55,143,100,115
"Gene1453",190,87,236,148,181,255
"Gene1454",78,111,146,114,152,127
"Gene1455",186,229,218,135,239,194
"Gene1456",70,47,80,19,45,24
"Gene1457",83,81,55,89,93,99
"Gene1458",78,53,104,73,52,86
"Gene1459",45,57,66,30,53,52
"Gene1460",110,199,177,197,215,197
"Gene1461",51,70,113,63,74,61
"Gene1462",45,22,49,45,46,68
"Gene1463",118,129,97,76,97,120
"Gene1464",87,91,44,48,47,62
"Gene1465",52,34,28,30,41,16
"Gene1466",201,135,140,68,113,186
"Gene1467",52,43,13,30,32,28
"Gene1468",147,91,64,73,40,61
"Gene1469",266,400,293,164,135,275
"Gene1470",34,59,45,28,33,105
"Gene1471",104,54,45,99,103,154
"Gene1472",85,65,73,69,36,82
"Gene1473",241,183,233,232,286,288
"Gene1474",41,48,41,51,50,56
"Gene1475",204,198,286,80,164,267
"Gene1476",134,152,202,147,140,120
"Gene1477",59,49,55,63,126,54
"Gene1478",30,23,8,21,16,27
"Gene1479",211,122,127,172,100,72
"Gene1480",71,56,68,76,124,53
"Gene1481",31,30,33,62,51,38
"Gene1482",106,179,151,168,122,134
"Gene1483",56,98,76,102,71,52
"Gene1484",33,43,58,25,59,51
"Gene1485",15,21,15,19,16,22
"Gene1486",195,127,243,142,119,220
"Gene1487",113,219,107,102,176,122
"Gene1488",291,296,518,219,258,302
"Gene1489",295,171,161,239,202,163
"Gene1490",27,60,59,24,53,57
"Gene1491",80,59,30,37,25,60
"Gene1492",99,74,90,47,33,47
"Gene1493",133,119,142,149,117,93
"Gene1494",60,32,25,62,57,62
"Gene1495",25,63,32,52,37,51
"Gene1496",104,114,72,101,109,112
"Gene1497",23,19,27,20,11,14
"Gene1498",58,105,47,98,180,111
"Gene1499",87,102,129,78,83,90
"Gene1500",62,55,23,77,70,98
"Gene1501",14,27,20,24,21,29
"Gene1502",152,256,137,227,128,181
"Gene1503",49,53,47,39,45,52
"Gene1504",50,54,179,186,66,48
"Gene1505",186,155,140,169,153,168
"Gene1506",124,118,104,115,60,88
"Gene1507",215,92,193,111,158,156
"Gene1508",220,215,91,126,101,131
"Gene1509",229,153,248,153,328,186
"Gene1510",31,23,56,60,48,30
"Gene1511",161,87,96,125,133,195
"Gene1512",50,69,62,41,78,50
"Gene1513",106,174,122,125,70,92
"Gene1514",76,100,168,116,250,99
"Gene1515",120,78,82,99,86,78
"Gene1516",78,68,55,103,56,74
"Gene1517",96,86,73,64,145,113
"Gene1518",30,83,50,47,40,32
"Gene1519",107,87,101,65,77,65
"Gene1520",98,96,90,98,72,89
"Gene1521",47,97,116,204,82,147
"Gene1522",129,178,110,169,244,232
"Gene1523",133,176,123,86,147,95
"Gene1524",51,90,49,127,72,76
"Gene1525",159,227,115,69,158,125
"Gene1526",121,119,77,127,153,42
"Gene1527",30,38,71,85,44,65
"Gene1528",23,55,31,25,40,17
"Gene1529",78,55,47,70,28,115
"Gene1530",58,62,125,56,106,82
"Gene1531",127,62,126,139,92,85
"Gene1532",205,167,160,183,265,245
"Gene1533",62,47,139,65,55,60
"Gene1534",261,267,143,91,228,141
"Gene1535",189,216,167,209,169,162
"Gene1536",111,89,122,149,69,132
"Gene1537",50,55,72,33,85,38
"Gene1538",214,97,292,169,226,202
"Gene1539",102,72,122,93,58,60
"Gene1540",10,19,9,1,7,11
"Gene1541",134,130,49,73,88,122
"Gene1542",21,28,24,21,24,20
"Gene1543",156,224,75,155,148,78
"Gene1544",124,77,96,62,134,89
"Gene1545",186,239,102,142,238,218
"Gene1546",66,142,121,87,96,18
"Gene1547",153,142,123,128,114,83
"Gene1548",189,115,150,179,196,420
"Gene1549",13,18,21,13,28,27
"Gene1550",57,73,126,116,51,78
"Gene1551",118,137,92,106,128,86
"Gene1552",18,33,27,14,20,21
"Gene1553",58,89,32,72,44,17
"Gene1554",64,79,44,40,36,78
"Gene1555",51,37,23,29,14,33
"Gene1556",65,53,58,36,51,84
"Gene1557",4,6,18,11,4,7
"Gene1558",102,63,59,56,70,73
"Gene1559",33,31,19,47,33,31
"Gene1560",97,143,206,132,95,145
"Gene1561",35,56,41,62,127,36
"Gene1562",121,133,181,133,350,167
"Gene1563",59,36,43,42,57,54
"Gene1564",232,167,170,197,139,212
"Gene1565",164,155,146,137,140,273
"Gene1566",378,239,357,230,385,390
"Gene1567",145,142,131,157,83,85
"Gene1568",225,275,204,367,278,230
"Gene1569",138,128,299,190,183,165
"Gene1570",116,144,114,107,92,102
"Gene1571",93,107,122,105,92,98
"Gene1572",173,176,328,412,256,304
"Gene1573",11,11,15,24,10,32
"Gene1574",177,168,63,63,163,123
"Gene1575",37,62,18,46,53,86
"Gene1576",53,53,67,55,76,47
"Gene1577",52,32,25,48,35,38
"Gene1578",101,143,68,32,98,92
"Gene1579",41,54,37,67,57,56
"Gene1580",59,78,56,31,47,23
"Gene1581",132,108,170,184,244,90
"Gene1582",3,3,7,7,11,8
"Gene1583",44,33,56,42,35,18
"Gene1584",105,94,53,71,83,68
"Gene1585",90,75,87,54,82,146
"Gene1586",201,130,255,302,196,126
"Gene1587",46,33,68,32,45,48
"Gene1588",12,15,21,12,17,20
"Gene1589",70,55,50,74,31,32
"Gene1590",203,167,153,212,160,181
"Gene1591",457,433,346,357,219,286
"Gene1592",17,19,16,35,13,14
"Gene1593",237,214,280,201,174,187
"Gene1594",65,67,84,38,73,81
"Gene1595",145,95,83,73,94,195
"Gene1596",33,54,50,33,37,51
"Gene1597",121,136,170,98,102,93
"Gene1598",65,72,98,117,121,130
"Gene1599",51,21,61,17,72,40
"Gene1600",166,226,226,116,142,158
"Gene1601",328,205,108,123,161,128
"Gene1602",90,77,131,83,191,179
"Gene1603",46,40,24,28,47,40
"Gene1604",378,372,582,639,567,319
"Gene1605",61,90,77,40,46,34
"Gene1606",256,222,438,149,278,412
"Gene1607",36,38,39,58,28,28
"Gene1608",62,74,50,54,59,72
"Gene1609",257,147,160,133,228,168
"Gene1610",118,125,124,135,117,150
"Gene1611",72,52,48,56,94,40
"Gene1612",129,71,56,106,112,109
"Gene1613",190,133,95,119,85,186
"Gene1614",125,50,59,85,41,73
"Gene1615",66,45,77,121,109,83
"Gene1616",245,141,117,155,70,157
"Gene1617",180,134,224,141,188,105
"Gene1618",69,203,145,94,64,121
"Gene1619",172,239,351,310,337,148
"Gene1620",47,85,74,90,50,86
"Gene1621",40,60,83,108,82,81
"Gene1622",28,43,69,51,72,43
"Gene1623",19,26,28,27,23,19
"Gene1624",83,74,103,56,117,121
"Gene1625",96,169,199,111,77,115
"Gene1626",40,20,47,34,38,52
"Gene1627",32,61,71,36,86,111
"Gene1628",88,77,58,59,84,78
"Gene1629",55,46,36,33,31,41
"Gene1630",80,119,83,106,126,135
"Gene1631",67,119,54,87,77,103
"Gene1632",317,335,371,254,299,529
"Gene1633",86,56,59,47,56,73
"Gene1634",181,143,205,185,200,179
"Gene1635",43,43,78,84,45,55
"Gene1636",77,86,109,128,103,95
"Gene1637",63,40,43,81,35,73
"Gene1638",81,52,52,58,65,39
"Gene1639",35,14,37,33,12,39
"Gene1640",90,111,182,118,279,113
"Gene1641",137,50,122,56,139,48
"Gene1642",87,132,100,80,85,67
"Gene1643",122,197,143,73,108,80
"Gene1644",118,51,132,56,109,152
"Gene1645",214,264,238,258,145,238
"Gene1646",158,174,145,138,191,208
"Gene1647",271,157,137,248,338,240
"Gene1648",34,23,9,40,53,35
"Gene1649",62,64,41,101,59,56
"Gene1650",115,44,38,56,32,63
"Gene1651",32,40,28,46,48,27
"Gene1652",132,87,62,73,60,96
"Gene1653",55,86,72,52,50,45
"Gene1654",20,34,26,23,38,46
"Gene1655",74,54,46,58,40,54
"Gene1656",127,116,150,91,155,79
"Gene1657",49,15,39,26,22,25
"Gene1658",34,76,48,66,41,62
"Gene1659",92,61,128,114,90,134
"Gene1660",133,136,181,186,133,100
"Gene1661",35,39,59,19,65,69
"Gene1662",21,50,57,30,49,51
"Gene1663",89,52,155,72,42,118
"Gene1664",139,188,197,182,129,165
"Gene1665",92,32,49,82,30,47
"Gene1666",226,215,214,191,228,271
"Gene1667",34,39,24,32,32,40
"Gene1668",131,96,128,111,161,154
"Gene1669",46,35,61,64,58,41
"Gene1670",6,7,7,9,14,3
"Gene1671",169,259,194,123,197,205
"Gene1672",3,2,4,2,1,3
"Gene1673",175,211,197,186,166,129
"Gene1674",165,343,136,290,240,385
"Gene1675",39,56,59,52,70,23
"Gene1676",94,51,109,51,74,96
"Gene1677",17,24,21,18,11,18
"Gene1678",16,35,47,16,25,27
"Gene1679",95,109,70,90,60,93
"Gene1680",37,88,29,37,34,30
"Gene1681",69,41,45,48,50,58
"Gene1682",167,84,90,188,152,97
"Gene1683",283,125,251,337,326,327
"Gene1684",38,43,116,39,72,41
"Gene1685",186,132,160,118,252,170
"Gene1686",96,72,155,141,138,150
"Gene1687",51,58,99,108,81,77
"Gene1688",245,234,275,290,194,242
"Gene1689",296,185,208,326,344,361
"Gene1690",12,16,22,18,23,17
"Gene1691",25,76,28,59,38,35
"Gene1692",40,27,24,77,42,59
"Gene1693",49,17,27,32,35,38
"Gene1694",268,111,349,205,251,215
"Gene1695",62,20,15,41,27,21
"Gene1696",87,143,91,58,38,53
"Gene1697",379,85,166,163,209,217
"Gene1698",80,56,103,153,109,96
"Gene1699",72,95,74,71,76,43
"Gene1700",35,55,55,95,39,38
"Gene1701",131,197,120,77,119,127
"Gene1702",32,50,49,29,70,43
"Gene1703",55,49,39,39,52,29
"Gene1704",136,98,169,107,190,143
"Gene1705",48,69,45,37,59,25
"Gene1706",73,55,95,58,47,63
"Gene1707",29,12,27,24,18,18
"Gene1708",66,78,36,103,44,61
"Gene1709",106,79,77,61,37,61
"Gene1710",107,171,200,114,200,248
"Gene1711",58,62,115,129,193,178
"Gene1712",27,32,5,33,20,18
"Gene1713",88,99,73,74,49,76
"Gene1714",132,172,276,218,270,203
"Gene1715",152,232,115,161,115,31
"Gene1716",61,101,112,112,63,75
"Gene1717",291,235,153,166,178,167
"Gene1718",55,30,35,69,33,36
"Gene1719",58,75,49,50,34,61
"Gene1720",80,68,63,74,77,65
"Gene1721",217,108,127,109,215,155
"Gene1722",77,64,53,60,73,79
"Gene1723",107,135,117,55,153,141
"Gene1724",100,40,47,97,71,123
"Gene1725",28,21,28,24,28,28
"Gene1726",69,146,138,115,181,216
"Gene1727",236,151,253,230,400,217
"Gene1728",144,305,125,222,167,351
"Gene1729",213,122,103,91,94,64
"Gene1730",38,33,17,21,75,39
"Gene1731",5,6,3,2,6,9
"Gene1732",1,0,0,0,2,2
"Gene1733",109,79,145,29,68,75
"Gene1734",49,41,36,14,44,30
"Gene1735",173,284,86,148,108,136
"Gene1736",89,114,78,119,107,119
"Gene1737",88,174,133,118,90,147
"Gene1738",17,53,20,44,42,50
"Gene1739",26,91,34,15,25,31
"Gene1740",133,128,64,94,119,75
"Gene1741",156,183,128,119,102,113
"Gene1742",54,124,74,58,71,94
"Gene1743",61,55,54,42,58,57
"Gene1744",34,19,29,34,36,71
"Gene1745",99,87,125,78,94,77
"Gene1746",13,20,21,31,16,27
"Gene1747",93,54,66,103,100,141
"Gene1748",366,297,336,311,338,374
"Gene1749",151,115,173,230,176,166
"Gene1750",17,16,7,15,8,10
"Gene1751",178,133,114,217,141,256
"Gene1752",174,62,74,89,94,43
"Gene1753",94,122,78,93,109,86
"Gene1754",8,16,14,10,12,29
"Gene1755",110,90,81,126,216,90
"Gene1756",51,69,58,33,41,63
"Gene1757",104,42,51,38,73,98
"Gene1758",81,114,100,146,183,87
"Gene1759",104,143,104,188,169,113
"Gene1760",33,19,43,65,29,16
"Gene1761",12,17,12,28,15,10
"Gene1762",55,62,53,66,35,26
"Gene1763",328,155,252,83,200,383
"Gene1764",58,80,117,44,72,45
"Gene1765",34,37,41,29,24,47
"Gene1766",33,34,32,23,37,27
"Gene1767",412,220,438,229,273,190
"Gene1768",213,277,435,211,175,214
"Gene1769",224,64,148,137,190,112
"Gene1770",66,47,45,40,59,58
"Gene1771",69,46,55,64,44,30
"Gene1772",51,20,17,27,23,12
"Gene1773",126,114,77,126,79,81
"Gene1774",19,33,16,15,25,23
"Gene1775",76,67,48,177,151,149
"Gene1776",316,170,138,111,151,122
"Gene1777",126,60,81,173,160,80
"Gene1778",70,125,93,229,88,112
"Gene1779",25,47,34,34,32,32
"Gene1780",40,59,76,65,68,41
"Gene1781",22,32,42,56,20,42
"Gene1782",134,244,142,159,96,250
"Gene1783",141,190,137,143,139,232
"Gene1784",258,264,413,349,200,124
"Gene1785",62,90,72,89,100,97
"Gene1786",69,44,49,57,47,33
"Gene1787",42,21,32,27,26,40
"Gene1788",34,9,22,14,24,26
"Gene1789",76,71,95,50,64,52
"Gene1790",80,79,72,90,78,119
"Gene1791",103,63,60,72,125,70
"Gene1792",27,182,167,164,147,225
"Gene1793",62,39,44,43,45,43
"Gene1794",103,176,131,72,196,89
"Gene1795",3,5,7,6,8,1
"Gene1796",33,26,22,26,12,16
"Gene1797",318,84,132,217,398,399
"Gene1798",66,71,57,55,14,64
"Gene1799",35,29,67,45,65,93
"Gene1800",127,137,262,199,204,155
"Gene1801",349,271,227,626,313,367
"Gene1802",411,227,802,476,227,293
"Gene1803",38,43,24,38,52,34
"Gene1804",20,10,40,18,21,14
"Gene1805",37,102,87,37,78,115
"Gene1806",143,57,153,108,181,223
"Gene1807",20,16,10,19,14,15
"Gene1808",67,66,60,43,50,54
"Gene1809",152,137,152,273,272,328
"Gene1810",8,11,8,17,30,19
"Gene1811",30,62,64,33,109,43
"Gene1812",35,34,42,29,28,49
"Gene1813",181,212,152,221,149,109
"Gene1814",72,37,61,112,84,37
"Gene1815",32,36,26,32,31,39
"Gene1816",102,134,116,172,107,143
"Gene1817",82,116,127,94,121,116
"Gene1818",144,113,99,70,87,118
"Gene1819",37,47,90,35,57,56
"Gene1820",175,177,222,247,150,430
"Gene1821",176,222,266,395,260,279
"Gene1822",245,271,124,247,220,237
"Gene1823",42,34,29,28,14,17
"Gene1824",85,74,104,117,152,84
"Gene1825",21,17,16,21,15,14
"Gene1826",165,190,266,223,172,335
"Gene1827",141,148,121,168,116,121
"Gene1828",51,44,84,103,126,117
"Gene1829",106,83,74,90,103,55
"Gene1830",122,97,98,63,212,200
"Gene1831",101,102,42,89,83,119
"Gene1832",191,206,150,172,107,180
"Gene1833",89,109,57,54,67,30
"Gene1834",75,58,74,79,61,66
"Gene1835",98,132,61,145,171,121
"Gene1836",63,96,43,85,82,36
"Gene1837",72,82,66,118,79,72
"Gene1838",38,42,90,50,59,91
"Gene1839",37,64,61,37,45,39
"Gene1840",32,32,50,36,33,28
"Gene1841",152,136,208,114,88,193
"Gene1842",53,29,47,23,21,12
"Gene1843",26,38,59,25,34,35
"Gene1844",80,170,146,163,93,160
"Gene1845",63,163,169,180,110,106
"Gene1846",63,58,67,83,132,138
"Gene1847",62,37,53,75,46,39
"Gene1848",47,40,65,48,41,59
"Gene1849",112,91,85,87,75,114
"Gene1850",110,111,143,227,161,266
"Gene1851",32,35,35,36,21,43
"Gene1852",87,34,59,27,43,63
"Gene1853",95,76,93,104,80,89
"Gene1854",287,270,229,287,253,232
"Gene1855",32,24,24,29,26,35
"Gene1856",116,90,99,58,52,67
"Gene1857",127,129,170,130,150,112
"Gene1858",213,199,152,148,185,150
"Gene1859",145,199,195,205,159,166
"Gene1860",105,159,167,200,151,53
"Gene1861",70,49,109,75,51,100
"Gene1862",38,37,63,66,15,67
"Gene1863",93,113,97,147,130,112
"Gene1864",198,186,229,145,168,150
"Gene1865",99,127,100,164,122,78
"Gene1866",15,7,10,6,18,9
"Gene1867",91,98,79,113,25,52
"Gene1868",38,27,23,11,19,8
"Gene1869",25,12,22,12,23,21
"Gene1870",87,103,106,140,73,124
"Gene1871",56,65,94,29,28,56
"Gene1872",136,150,300,54,137,109
"Gene1873",149,130,73,69,60,148
"Gene1874",75,73,145,65,106,78
"Gene1875",12,14,24,23,35,22
"Gene1876",66,41,27,38,40,29
"Gene1877",146,138,219,158,116,155
"Gene1878",28,30,13,35,30,18
"Gene1879",135,51,53,41,53,77
"Gene1880",13,27,19,28,30,22
"Gene1881",75,92,124,192,129,106
"Gene1882",148,91,126,181,128,59
"Gene1883",50,24,50,63,36,30
"Gene1884",36,82,63,59,92,50
"Gene1885",72,47,69,59,60,51
"Gene1886",37,27,28,30,31,18
"Gene1887",43,17,31,48,11,34
"Gene1888",294,170,87,197,95,137
"Gene1889",27,34,40,44,62,59
"Gene1890",99,76,114,163,67,144
"Gene1891",87,84,61,74,116,74
"Gene1892",104,67,60,78,40,63
"Gene1893",164,128,87,103,172,102
"Gene1894",137,61,85,57,121,87
"Gene1895",150,139,88,101,142,104
"Gene1896",33,37,23,18,33,19
"Gene1897",81,111,113,74,46,60
"Gene1898",96,40,146,107,64,156
"Gene1899",117,116,55,126,70,90
"Gene1900",161,95,88,74,39,132
"Gene1901",192,114,221,113,100,108
"Gene1902",78,87,50,35,51,36
"Gene1903",120,128,69,112,93,153
"Gene1904",83,107,96,110,71,87
"Gene1905",295,176,139,192,217,149
"Gene1906",91,82,194,137,116,124
"Gene1907",48,74,57,25,38,91
"Gene1908",32,22,32,30,43,13
"Gene1909",151,78,63,177,75,118
"Gene1910",52,104,80,48,62,96
"Gene1911",20,16,16,41,25,21
"Gene1912",7,2,17,15,14,8
"Gene1913",88,68,52,42,66,110
"Gene1914",125,110,117,92,84,31
"Gene1915",35,49,64,20,23,42
"Gene1916",28,53,23,37,53,52
"Gene1917",35,29,20,8,31,15
"Gene1918",225,209,269,229,346,142
"Gene1919",72,146,55,59,91,59
"Gene1920",208,290,263,267,206,417
"Gene1921",143,78,60,114,54,69
"Gene1922",32,17,23,27,31,19
"Gene1923",56,102,118,47,87,72
"Gene1924",36,103,37,72,80,83
"Gene1925",73,51,30,65,57,79
"Gene1926",30,36,29,18,19,28
"Gene1927",145,165,134,217,96,176
"Gene1928",80,73,48,98,77,103
"Gene1929",130,153,99,115,83,88
"Gene1930",132,45,107,126,85,107
"Gene1931",49,54,48,54,31,40
"Gene1932",85,104,37,48,107,91
"Gene1933",24,36,19,46,26,78
"Gene1934",93,99,118,254,129,111
"Gene1935",170,92,199,232,91,82
"Gene1936",13,12,6,14,8,15
"Gene1937",53,49,46,38,57,19
"Gene1938",61,42,34,45,37,34
"Gene1939",28,71,18,15,45,25
"Gene1940",48,44,56,94,92,80
"Gene1941",72,84,146,93,91,82
"Gene1942",41,38,66,33,61,43
"Gene1943",12,13,4,9,9,8
"Gene1944",27,16,43,19,34,12
"Gene1945",203,250,168,158,310,337
"Gene1946",91,114,80,97,70,106
"Gene1947",365,277,371,252,293,375
"Gene1948",176,170,118,150,171,103
"Gene1949",106,104,87,91,127,139
"Gene1950",53,66,79,103,49,45
"Gene1951",119,72,120,156,208,122
"Gene1952",120,92,104,94,108,113
"Gene1953",29,34,57,32,34,61
"Gene1954",107,140,76,44,105,98
"Gene1955",54,33,58,39,34,54
"Gene1956",62,36,63,57,74,29
"Gene1957",164,110,161,121,128,128
"Gene1958",31,65,76,31,42,20
"Gene1959",12,19,14,13,13,13
"Gene1960",137,140,95,114,132,79
"Gene1961",65,121,37,64,110,140
"Gene1962",147,103,346,267,271,134
"Gene1963",119,130,284,198,246,100
"Gene1964",18,12,19,37,16,8
"Gene1965",44,55,39,30,39,36
"Gene1966",79,78,48,119,46,85
"Gene1967",213,214,230,156,176,144
"Gene1968",54,55,90,64,70,74
"Gene1969",53,33,52,36,51,32
"Gene1970",32,29,22,39,44,45
"Gene1971",33,43,19,40,32,21
"Gene1972",72,70,39,85,94,50
"Gene1973",134,98,127,81,74,187
"Gene1974",107,124,63,61,80,68
"Gene1975",20,22,26,19,26,14
"Gene1976",90,37,67,94,49,56
"Gene1977",102,66,60,66,65,83
"Gene1978",146,73,88,74,58,77
"Gene1979",55,60,72,68,52,47
"Gene1980",232,131,130,297,145,294
"Gene1981",47,19,53,21,21,41
"Gene1982",148,189,216,261,193,154
"Gene1983",27,16,32,31,53,15
"Gene1984",26,31,31,48,47,58
"Gene1985",80,67,129,91,102,78
"Gene1986",178,241,99,175,187,109
"Gene1987",68,109,85,77,132,50
"Gene1988",78,126,106,136,83,106
"Gene1989",0,1,1,3,0,1
"Gene1990",5,3,11,5,11,9
"Gene1991",54,63,59,57,40,32
"Gene1992",26,63,89,47,77,59
"Gene1993",194,83,221,159,189,110
"Gene1994",244,196,210,251,242,322
"Gene1995",24,14,6,27,20,40
"Gene1996",33,32,79,19,15,28
"Gene1997",34,44,35,41,48,45
"Gene1998",12,24,17,16,21,23
"Gene1999",459,478,551,357,437,435
"Gene2000",94,97,107,94,157,52
